Response ID,work_type_standardized,productivity_score,morale_score,year
1,In-Office,50.0,,2020
2,In-Office,-20.0,4.0,2020
3,Hybrid,-10.0,3.0,2020
4,In-Office,0.0,4.0,2020
5,In-Office,20.0,4.5,2020
6,In-Office,0.0,5.0,2020
7,In-Office,50.0,,2020
8,Remote,-30.0,4.0,2020
9,Hybrid,30.0,4.0,2020
10,In-Office,-20.0,3.5,2020
11,In-Office,0.0,,2020
12,In-Office,10.0,,2020
13,Remote,-10.0,4.0,2020
14,Hybrid,50.0,4.0,2020
15,Hybrid,0.0,4.0,2020
16,In-Office,0.0,,2020
17,In-Office,50.0,,2020
18,In-Office,-30.0,1.5,2020
19,Hybrid,50.0,5.0,2020
20,Hybrid,50.0,4.0,2020
21,In-Office,0.0,4.0,2020
22,In-Office,30.0,,2020
23,Remote,20.0,4.0,2020
24,Hybrid,40.0,3.5,2020
25,In-Office,30.0,4.0,2020
26,In-Office,-30.0,2.5,2020
27,In-Office,-10.0,2.5,2020
28,Remote,0.0,5.0,2020
29,Hybrid,30.0,3.5,2020
30,Hybrid,30.0,4.5,2020
31,In-Office,-10.0,4.5,2020
32,Hybrid,20.0,5.0,2020
33,Remote,-30.0,2.0,2020
34,In-Office,30.0,3.5,2020
35,In-Office,0.0,4.0,2020
36,In-Office,0.0,,2020
37,Hybrid,30.0,4.5,2020
38,In-Office,30.0,,2020
39,Hybrid,-20.0,4.0,2020
40,In-Office,20.0,4.0,2020
41,In-Office,-20.0,,2020
42,Hybrid,10.0,4.0,2020
43,Remote,30.0,4.0,2020
44,In-Office,50.0,3.5,2020
45,In-Office,20.0,2.0,2020
46,Hybrid,-20.0,4.0,2020
47,In-Office,-10.0,3.5,2020
48,In-Office,30.0,,2020
49,In-Office,10.0,3.5,2020
50,In-Office,-30.0,,2020
51,Hybrid,-10.0,3.5,2020
52,Hybrid,0.0,4.0,2020
53,In-Office,40.0,4.5,2020
54,Hybrid,0.0,3.0,2020
55,In-Office,50.0,2.5,2020
56,In-Office,0.0,,2020
57,Hybrid,-10.0,3.5,2020
58,In-Office,20.0,4.5,2020
59,In-Office,10.0,2.5,2020
60,Hybrid,40.0,5.0,2020
61,In-Office,50.0,2.0,2020
62,In-Office,-30.0,,2020
63,In-Office,20.0,2.5,2020
64,Remote,0.0,4.0,2020
65,In-Office,20.0,3.0,2020
66,In-Office,0.0,,2020
67,Hybrid,20.0,4.0,2020
68,Hybrid,-40.0,3.0,2020
69,In-Office,30.0,,2020
70,In-Office,50.0,,2020
71,Remote,-10.0,4.5,2020
72,Hybrid,10.0,3.0,2020
73,Hybrid,20.0,5.0,2020
74,In-Office,0.0,4.0,2020
75,Remote,50.0,4.0,2020
76,Hybrid,50.0,4.0,2020
77,Hybrid,20.0,3.5,2020
78,Hybrid,20.0,4.0,2020
79,In-Office,0.0,3.0,2020
80,Hybrid,40.0,5.0,2020
81,Hybrid,-10.0,4.5,2020
82,Hybrid,0.0,3.0,2020
83,In-Office,10.0,2.5,2020
84,In-Office,0.0,3.5,2020
85,In-Office,50.0,4.5,2020
86,Hybrid,0.0,1.5,2020
87,In-Office,,2.0,2020
88,In-Office,50.0,,2020
89,Hybrid,0.0,4.5,2020
90,Hybrid,30.0,4.0,2020
91,Remote,0.0,4.0,2020
92,In-Office,50.0,3.5,2020
93,In-Office,-20.0,3.5,2020
94,In-Office,0.0,4.5,2020
95,In-Office,-30.0,,2020
96,Hybrid,10.0,5.0,2020
97,Remote,10.0,5.0,2020
98,In-Office,-10.0,,2020
99,In-Office,0.0,3.5,2020
100,In-Office,20.0,4.0,2020
101,Hybrid,50.0,4.0,2020
102,Hybrid,50.0,5.0,2020
103,In-Office,50.0,5.0,2020
104,Remote,20.0,4.0,2020
105,In-Office,0.0,3.5,2020
106,Hybrid,0.0,4.5,2020
107,Hybrid,0.0,4.0,2020
108,Remote,0.0,3.5,2020
109,In-Office,-10.0,3.5,2020
110,In-Office,0.0,3.5,2020
111,In-Office,50.0,,2020
112,In-Office,30.0,4.0,2020
113,In-Office,-10.0,4.0,2020
114,In-Office,30.0,4.0,2020
115,Hybrid,0.0,5.0,2020
116,Hybrid,20.0,5.0,2020
117,Hybrid,0.0,3.5,2020
118,In-Office,20.0,3.5,2020
119,In-Office,20.0,4.5,2020
120,Hybrid,30.0,4.5,2020
121,In-Office,-10.0,3.5,2020
122,In-Office,10.0,3.5,2020
123,In-Office,0.0,3.5,2020
124,Hybrid,20.0,4.0,2020
125,In-Office,0.0,1.0,2020
126,Hybrid,30.0,4.5,2020
127,In-Office,0.0,5.0,2020
128,In-Office,0.0,3.0,2020
129,Hybrid,20.0,4.5,2020
130,Remote,0.0,5.0,2020
131,Remote,-10.0,4.0,2020
132,Hybrid,10.0,4.5,2020
133,In-Office,50.0,4.0,2020
134,Hybrid,0.0,4.0,2020
135,In-Office,40.0,4.5,2020
136,In-Office,30.0,4.0,2020
137,Remote,50.0,3.5,2020
138,In-Office,10.0,3.5,2020
139,In-Office,0.0,,2020
140,Remote,50.0,4.0,2020
141,In-Office,10.0,5.0,2020
142,Remote,50.0,4.0,2020
143,In-Office,0.0,4.0,2020
144,In-Office,50.0,4.0,2020
145,In-Office,-20.0,4.5,2020
146,Remote,50.0,4.5,2020
147,Remote,30.0,2.0,2020
148,Hybrid,0.0,2.0,2020
149,In-Office,0.0,1.5,2020
150,Hybrid,-40.0,3.0,2020
151,Hybrid,0.0,5.0,2020
152,Remote,50.0,4.5,2020
153,In-Office,-20.0,,2020
154,In-Office,0.0,3.0,2020
155,In-Office,20.0,4.0,2020
156,Hybrid,0.0,4.0,2020
157,In-Office,20.0,4.0,2020
158,In-Office,-10.0,3.0,2020
159,Hybrid,-40.0,3.0,2020
160,Hybrid,0.0,3.5,2020
161,In-Office,-30.0,,2020
162,In-Office,50.0,4.0,2020
163,Hybrid,20.0,5.0,2020
164,In-Office,50.0,3.0,2020
165,Hybrid,0.0,4.0,2020
166,In-Office,10.0,4.0,2020
167,In-Office,0.0,,2020
168,Hybrid,30.0,5.0,2020
169,In-Office,20.0,3.0,2020
170,In-Office,20.0,3.5,2020
171,Hybrid,0.0,4.5,2020
172,In-Office,0.0,2.5,2020
173,In-Office,0.0,4.5,2020
174,In-Office,0.0,3.0,2020
175,In-Office,0.0,5.0,2020
176,In-Office,30.0,4.5,2020
177,Hybrid,0.0,3.5,2020
178,In-Office,10.0,3.5,2020
179,Hybrid,50.0,4.5,2020
180,Hybrid,50.0,5.0,2020
181,In-Office,0.0,3.0,2020
182,In-Office,20.0,,2020
183,Remote,50.0,5.0,2020
184,In-Office,-20.0,3.0,2020
185,In-Office,0.0,4.0,2020
186,Hybrid,20.0,4.5,2020
187,In-Office,-20.0,,2020
188,In-Office,-10.0,,2020
189,Hybrid,50.0,4.0,2020
190,Hybrid,30.0,5.0,2020
191,Hybrid,-20.0,3.5,2020
192,Hybrid,30.0,5.0,2020
193,Hybrid,50.0,5.0,2020
194,In-Office,50.0,5.0,2020
195,In-Office,50.0,,2020
196,In-Office,-20.0,3.5,2020
197,In-Office,-20.0,,2020
198,Remote,30.0,4.0,2020
199,In-Office,20.0,,2020
200,Hybrid,0.0,3.5,2020
201,In-Office,0.0,,2020
202,Hybrid,0.0,3.0,2020
203,In-Office,20.0,5.0,2020
204,In-Office,0.0,,2020
205,Hybrid,0.0,5.0,2020
206,Hybrid,50.0,2.5,2020
207,Hybrid,20.0,4.0,2020
208,Hybrid,,2.5,2020
209,In-Office,-30.0,,2020
210,Remote,0.0,4.5,2020
211,In-Office,0.0,4.0,2020
212,Hybrid,50.0,5.0,2020
213,In-Office,20.0,3.5,2020
214,In-Office,0.0,,2020
215,In-Office,0.0,,2020
216,In-Office,30.0,4.0,2020
217,Hybrid,10.0,3.0,2020
218,In-Office,-20.0,3.5,2020
219,In-Office,0.0,4.0,2020
220,In-Office,0.0,3.5,2020
221,In-Office,20.0,4.0,2020
222,In-Office,20.0,,2020
223,Hybrid,30.0,5.0,2020
224,In-Office,,3.5,2020
225,Hybrid,30.0,3.0,2020
226,In-Office,30.0,3.0,2020
227,In-Office,30.0,4.0,2020
228,In-Office,40.0,3.5,2020
229,In-Office,50.0,4.0,2020
230,In-Office,10.0,3.5,2020
231,In-Office,20.0,2.5,2020
232,In-Office,20.0,1.5,2020
233,In-Office,0.0,4.0,2020
234,In-Office,0.0,,2020
235,Hybrid,20.0,4.0,2020
236,In-Office,20.0,2.0,2020
237,Hybrid,0.0,4.0,2020
238,In-Office,40.0,3.5,2020
239,Remote,20.0,4.0,2020
240,Hybrid,0.0,4.0,2020
241,In-Office,30.0,3.0,2020
242,In-Office,-30.0,4.0,2020
243,Remote,50.0,4.5,2020
244,Remote,0.0,3.5,2020
245,In-Office,0.0,,2020
246,In-Office,10.0,4.0,2020
247,In-Office,0.0,,2020
248,In-Office,0.0,4.0,2020
249,In-Office,,,2020
250,Hybrid,0.0,4.5,2020
251,In-Office,40.0,4.0,2020
252,In-Office,-10.0,3.5,2020
253,Hybrid,10.0,5.0,2020
254,In-Office,-30.0,2.5,2020
255,In-Office,-10.0,2.5,2020
256,In-Office,0.0,3.0,2020
257,Remote,0.0,4.0,2020
258,Hybrid,20.0,4.5,2020
259,In-Office,-20.0,2.0,2020
260,In-Office,30.0,,2020
261,In-Office,30.0,4.0,2020
262,Hybrid,40.0,3.0,2020
263,Hybrid,0.0,5.0,2020
264,Remote,-20.0,3.5,2020
265,In-Office,50.0,4.5,2020
266,In-Office,30.0,,2020
267,Hybrid,0.0,3.5,2020
268,In-Office,,2.5,2020
269,In-Office,0.0,,2020
270,In-Office,30.0,3.0,2020
271,In-Office,30.0,,2020
272,Hybrid,10.0,4.5,2020
273,In-Office,-20.0,1.0,2020
274,Remote,10.0,4.5,2020
275,Remote,50.0,4.5,2020
276,In-Office,40.0,4.0,2020
277,Remote,40.0,4.0,2020
278,In-Office,0.0,4.5,2020
279,In-Office,20.0,,2020
280,Remote,50.0,5.0,2020
281,In-Office,-20.0,4.5,2020
282,Hybrid,20.0,3.0,2020
283,In-Office,30.0,4.5,2020
284,In-Office,-20.0,,2020
285,In-Office,0.0,4.0,2020
286,Hybrid,20.0,4.5,2020
287,In-Office,0.0,3.0,2020
288,In-Office,20.0,1.0,2020
289,Hybrid,10.0,3.5,2020
290,Hybrid,-10.0,3.5,2020
291,In-Office,40.0,4.0,2020
292,In-Office,50.0,,2020
293,Hybrid,0.0,2.5,2020
294,In-Office,,,2020
295,In-Office,,3.0,2020
296,Hybrid,10.0,4.5,2020
297,In-Office,0.0,3.5,2020
298,Remote,30.0,4.5,2020
299,Hybrid,20.0,3.5,2020
300,In-Office,0.0,,2020
301,In-Office,30.0,3.5,2020
302,In-Office,-10.0,,2020
303,Hybrid,50.0,4.5,2020
304,Remote,40.0,4.0,2020
305,In-Office,30.0,4.0,2020
306,In-Office,-20.0,3.0,2020
307,In-Office,-30.0,5.0,2020
308,In-Office,30.0,2.5,2020
309,In-Office,-20.0,4.0,2020
310,In-Office,20.0,3.0,2020
311,In-Office,-10.0,4.0,2020
312,In-Office,0.0,3.0,2020
313,Remote,50.0,5.0,2020
314,In-Office,0.0,,2020
315,In-Office,30.0,,2020
316,Hybrid,50.0,4.5,2020
317,In-Office,20.0,3.5,2020
318,In-Office,10.0,4.0,2020
319,Hybrid,30.0,5.0,2020
320,Hybrid,50.0,5.0,2020
321,Hybrid,0.0,4.0,2020
322,In-Office,30.0,,2020
323,In-Office,40.0,4.5,2020
324,Hybrid,30.0,4.0,2020
325,Hybrid,50.0,5.0,2020
326,In-Office,-20.0,,2020
327,Remote,0.0,5.0,2020
328,Hybrid,0.0,3.0,2020
329,In-Office,30.0,,2020
330,In-Office,20.0,,2020
331,In-Office,,2.5,2020
332,In-Office,20.0,,2020
333,In-Office,0.0,,2020
334,In-Office,0.0,,2020
335,In-Office,50.0,3.5,2020
336,Hybrid,40.0,4.0,2020
337,Hybrid,50.0,4.0,2020
338,In-Office,0.0,3.0,2020
339,In-Office,20.0,3.0,2020
340,Hybrid,10.0,3.0,2020
341,Hybrid,-30.0,5.0,2020
342,Remote,50.0,5.0,2020
343,In-Office,0.0,3.5,2020
344,In-Office,0.0,3.5,2020
345,Remote,50.0,5.0,2020
346,In-Office,20.0,4.5,2020
347,In-Office,40.0,3.5,2020
348,Hybrid,0.0,4.0,2020
349,In-Office,30.0,4.0,2020
350,Hybrid,40.0,3.5,2020
351,In-Office,0.0,,2020
352,Remote,50.0,4.5,2020
353,In-Office,30.0,3.0,2020
354,In-Office,30.0,4.0,2020
355,In-Office,-20.0,4.0,2020
356,Hybrid,20.0,4.0,2020
357,Hybrid,10.0,3.0,2020
358,In-Office,20.0,4.0,2020
359,In-Office,50.0,3.0,2020
360,In-Office,30.0,3.5,2020
361,Hybrid,30.0,5.0,2020
362,In-Office,0.0,3.5,2020
363,In-Office,30.0,4.5,2020
364,Remote,50.0,5.0,2020
365,In-Office,-30.0,4.0,2020
366,Hybrid,-20.0,3.5,2020
367,In-Office,0.0,4.5,2020
368,Hybrid,-20.0,5.0,2020
369,Hybrid,20.0,4.0,2020
370,In-Office,0.0,4.0,2020
371,Hybrid,0.0,4.0,2020
372,Remote,50.0,4.5,2020
373,In-Office,40.0,,2020
374,In-Office,20.0,,2020
375,In-Office,,,2020
376,Hybrid,-30.0,2.5,2020
377,Hybrid,20.0,4.5,2020
378,Hybrid,50.0,4.0,2020
379,In-Office,0.0,3.0,2020
380,Hybrid,50.0,3.5,2020
381,In-Office,20.0,4.0,2020
382,In-Office,40.0,4.5,2020
383,Remote,30.0,4.0,2020
384,In-Office,0.0,3.0,2020
385,In-Office,-20.0,4.5,2020
386,Remote,20.0,3.0,2020
387,In-Office,30.0,,2020
388,In-Office,30.0,4.0,2020
389,In-Office,20.0,,2020
390,In-Office,20.0,4.5,2020
391,In-Office,-10.0,3.0,2020
392,In-Office,0.0,,2020
393,Hybrid,0.0,4.5,2020
394,Remote,20.0,5.0,2020
395,In-Office,0.0,4.5,2020
396,Hybrid,30.0,5.0,2020
397,In-Office,20.0,4.0,2020
398,In-Office,20.0,,2020
399,In-Office,30.0,4.5,2020
400,Remote,0.0,4.5,2020
401,Hybrid,10.0,3.5,2020
402,In-Office,20.0,4.0,2020
403,Hybrid,50.0,4.0,2020
404,In-Office,0.0,4.0,2020
405,Hybrid,40.0,4.5,2020
406,In-Office,50.0,,2020
407,Remote,10.0,1.0,2020
408,In-Office,20.0,4.0,2020
409,In-Office,-10.0,2.5,2020
410,In-Office,0.0,4.0,2020
411,In-Office,0.0,4.0,2020
412,In-Office,0.0,3.5,2020
413,In-Office,30.0,3.0,2020
414,In-Office,40.0,4.5,2020
415,Hybrid,,3.5,2020
416,In-Office,0.0,4.0,2020
417,Hybrid,30.0,4.0,2020
418,In-Office,-20.0,,2020
419,Remote,0.0,3.5,2020
420,In-Office,50.0,4.0,2020
421,In-Office,-10.0,2.5,2020
422,Hybrid,50.0,4.0,2020
423,Hybrid,10.0,4.5,2020
424,In-Office,0.0,4.0,2020
425,Remote,0.0,2.5,2020
426,In-Office,0.0,4.0,2020
427,In-Office,30.0,1.0,2020
428,Hybrid,-20.0,2.0,2020
429,In-Office,50.0,5.0,2020
430,In-Office,20.0,3.5,2020
431,Remote,0.0,4.0,2020
432,In-Office,-20.0,2.5,2020
433,In-Office,0.0,4.0,2020
434,In-Office,0.0,,2020
435,In-Office,,1.0,2020
436,In-Office,50.0,,2020
437,In-Office,,,2020
438,Remote,50.0,5.0,2020
439,Remote,0.0,5.0,2020
440,In-Office,-20.0,3.0,2020
441,Remote,0.0,4.0,2020
442,In-Office,0.0,4.5,2020
443,Remote,20.0,4.5,2020
444,In-Office,10.0,4.0,2020
445,In-Office,-10.0,3.0,2020
446,In-Office,0.0,3.0,2020
447,Hybrid,20.0,3.0,2020
448,In-Office,10.0,3.5,2020
449,In-Office,50.0,,2020
450,Hybrid,50.0,5.0,2020
451,In-Office,50.0,3.5,2020
452,In-Office,0.0,3.5,2020
453,Hybrid,0.0,4.0,2020
454,In-Office,0.0,,2020
455,Hybrid,20.0,4.0,2020
456,Hybrid,40.0,3.5,2020
457,In-Office,0.0,4.0,2020
458,In-Office,0.0,,2020
459,In-Office,50.0,4.0,2020
460,Hybrid,10.0,4.5,2020
461,In-Office,30.0,,2020
462,In-Office,-10.0,2.5,2020
463,Hybrid,0.0,2.5,2020
464,In-Office,-10.0,4.0,2020
465,Remote,0.0,5.0,2020
466,In-Office,30.0,4.0,2020
467,In-Office,30.0,3.5,2020
468,In-Office,30.0,3.5,2020
469,In-Office,0.0,2.0,2020
470,Hybrid,-10.0,4.5,2020
471,In-Office,10.0,,2020
472,Remote,-10.0,2.0,2020
473,Hybrid,10.0,4.5,2020
474,In-Office,20.0,3.5,2020
475,Hybrid,20.0,4.0,2020
476,Hybrid,50.0,4.5,2020
477,In-Office,0.0,4.0,2020
478,In-Office,30.0,4.5,2020
479,In-Office,20.0,,2020
480,In-Office,,1.5,2020
481,In-Office,-20.0,4.0,2020
482,In-Office,30.0,4.0,2020
483,In-Office,-20.0,,2020
484,Remote,30.0,4.5,2020
485,In-Office,20.0,4.5,2020
486,Hybrid,-20.0,4.5,2020
487,In-Office,-10.0,2.5,2020
488,In-Office,0.0,4.0,2020
489,Hybrid,-20.0,3.0,2020
490,In-Office,20.0,4.5,2020
491,Hybrid,0.0,2.5,2020
492,In-Office,0.0,4.0,2020
493,Hybrid,10.0,3.0,2020
494,In-Office,-20.0,4.0,2020
495,In-Office,0.0,3.5,2020
496,In-Office,0.0,,2020
497,Remote,0.0,4.5,2020
498,Hybrid,30.0,5.0,2020
499,Hybrid,0.0,4.0,2020
500,In-Office,0.0,,2020
501,Hybrid,50.0,1.0,2020
502,In-Office,0.0,3.0,2020
503,In-Office,-20.0,2.5,2020
504,In-Office,,2.5,2020
505,Remote,50.0,4.0,2020
506,In-Office,40.0,4.5,2020
507,In-Office,20.0,3.0,2020
508,In-Office,50.0,,2020
509,Hybrid,0.0,3.0,2020
510,Hybrid,20.0,3.5,2020
511,In-Office,50.0,5.0,2020
512,In-Office,0.0,4.0,2020
513,Hybrid,0.0,3.0,2020
514,In-Office,0.0,2.5,2020
515,Hybrid,-10.0,4.5,2020
516,Hybrid,-20.0,3.0,2020
517,In-Office,50.0,4.0,2020
518,In-Office,-10.0,4.0,2020
519,Hybrid,0.0,3.5,2020
520,Hybrid,0.0,5.0,2020
521,Hybrid,50.0,3.5,2020
522,In-Office,30.0,3.0,2020
523,In-Office,-30.0,2.0,2020
524,In-Office,0.0,2.5,2020
525,In-Office,0.0,,2020
526,In-Office,30.0,3.5,2020
527,In-Office,-30.0,4.0,2020
528,In-Office,0.0,4.0,2020
529,Hybrid,0.0,5.0,2020
530,In-Office,50.0,5.0,2020
531,In-Office,50.0,2.0,2020
532,In-Office,20.0,,2020
533,Hybrid,0.0,4.0,2020
534,In-Office,30.0,4.5,2020
535,Hybrid,20.0,4.0,2020
536,In-Office,40.0,2.5,2020
537,In-Office,-10.0,4.0,2020
538,In-Office,0.0,4.5,2020
539,In-Office,0.0,4.0,2020
540,In-Office,50.0,1.0,2020
541,Hybrid,30.0,3.0,2020
542,In-Office,10.0,3.5,2020
543,Remote,0.0,4.0,2020
544,Hybrid,-20.0,4.0,2020
545,In-Office,10.0,4.0,2020
546,In-Office,50.0,4.0,2020
547,In-Office,-30.0,2.0,2020
548,Hybrid,50.0,5.0,2020
549,In-Office,20.0,2.0,2020
550,In-Office,50.0,4.5,2020
551,In-Office,30.0,5.0,2020
552,In-Office,0.0,,2020
553,Hybrid,30.0,5.0,2020
554,In-Office,0.0,2.0,2020
555,In-Office,-20.0,3.0,2020
556,Hybrid,0.0,5.0,2020
557,In-Office,-30.0,,2020
558,In-Office,30.0,1.0,2020
559,In-Office,0.0,,2020
560,In-Office,20.0,3.0,2020
561,Hybrid,0.0,5.0,2020
562,In-Office,20.0,3.0,2020
563,In-Office,0.0,3.5,2020
564,In-Office,-10.0,4.0,2020
565,Hybrid,10.0,2.0,2020
566,In-Office,20.0,2.0,2020
567,Hybrid,40.0,5.0,2020
568,Hybrid,30.0,4.0,2020
569,In-Office,0.0,4.0,2020
570,In-Office,20.0,3.5,2020
571,Remote,0.0,3.5,2020
572,In-Office,0.0,,2020
573,Hybrid,30.0,4.0,2020
574,In-Office,-20.0,4.5,2020
575,In-Office,0.0,2.0,2020
576,Hybrid,30.0,4.0,2020
577,In-Office,0.0,4.0,2020
578,In-Office,0.0,4.0,2020
579,In-Office,0.0,,2020
580,Hybrid,20.0,4.0,2020
581,In-Office,0.0,,2020
582,In-Office,-20.0,4.0,2020
583,In-Office,40.0,2.0,2020
584,Hybrid,40.0,4.0,2020
585,Remote,0.0,4.0,2020
586,In-Office,-10.0,4.0,2020
587,In-Office,-30.0,,2020
588,In-Office,0.0,,2020
589,In-Office,40.0,4.0,2020
590,Remote,0.0,4.5,2020
591,In-Office,0.0,4.0,2020
592,In-Office,20.0,,2020
593,In-Office,20.0,4.5,2020
594,In-Office,20.0,3.0,2020
595,In-Office,20.0,,2020
596,In-Office,-20.0,4.5,2020
597,In-Office,0.0,4.5,2020
598,Hybrid,40.0,3.5,2020
599,In-Office,50.0,5.0,2020
600,In-Office,-30.0,,2020
601,Hybrid,50.0,5.0,2020
602,Remote,50.0,5.0,2020
603,In-Office,30.0,4.0,2020
604,In-Office,-20.0,4.0,2020
605,In-Office,0.0,2.0,2020
606,Hybrid,40.0,5.0,2020
607,Hybrid,50.0,4.0,2020
608,In-Office,0.0,3.5,2020
609,In-Office,40.0,3.0,2020
610,Hybrid,0.0,4.0,2020
611,Hybrid,-10.0,3.0,2020
612,In-Office,0.0,2.5,2020
613,In-Office,20.0,5.0,2020
614,Hybrid,30.0,5.0,2020
615,In-Office,20.0,3.5,2020
616,In-Office,20.0,3.0,2020
617,In-Office,20.0,3.0,2020
618,In-Office,10.0,,2020
619,In-Office,-10.0,3.0,2020
620,In-Office,0.0,,2020
621,Hybrid,50.0,4.0,2020
622,Hybrid,30.0,3.5,2020
623,Hybrid,0.0,5.0,2020
624,In-Office,0.0,3.5,2020
625,In-Office,50.0,,2020
626,In-Office,-10.0,,2020
627,Hybrid,30.0,4.5,2020
628,In-Office,30.0,4.5,2020
629,In-Office,50.0,,2020
630,In-Office,40.0,4.5,2020
631,In-Office,-20.0,3.0,2020
632,In-Office,10.0,3.5,2020
633,In-Office,20.0,4.0,2020
634,In-Office,40.0,4.0,2020
635,In-Office,-20.0,3.5,2020
636,Hybrid,10.0,5.0,2020
637,In-Office,20.0,4.0,2020
638,In-Office,30.0,,2020
639,Remote,0.0,5.0,2020
640,In-Office,0.0,4.0,2020
641,Hybrid,0.0,4.5,2020
642,Remote,10.0,5.0,2020
643,Hybrid,0.0,4.0,2020
644,Hybrid,,3.5,2020
645,Hybrid,50.0,4.0,2020
646,Hybrid,0.0,3.0,2020
647,Remote,0.0,5.0,2020
648,In-Office,-20.0,,2020
649,In-Office,30.0,,2020
650,Remote,0.0,4.0,2020
651,Hybrid,10.0,3.5,2020
652,In-Office,0.0,4.0,2020
653,In-Office,30.0,4.0,2020
654,In-Office,-30.0,4.0,2020
655,Hybrid,0.0,4.5,2020
656,In-Office,20.0,3.5,2020
657,In-Office,20.0,2.5,2020
658,In-Office,-30.0,,2020
659,In-Office,0.0,4.0,2020
660,In-Office,50.0,5.0,2020
661,Remote,20.0,4.0,2020
662,In-Office,-20.0,3.5,2020
663,In-Office,-10.0,,2020
664,In-Office,10.0,4.0,2020
665,Hybrid,0.0,3.5,2020
666,In-Office,10.0,3.5,2020
667,In-Office,20.0,,2020
668,In-Office,20.0,,2020
669,In-Office,20.0,4.0,2020
670,Hybrid,30.0,3.5,2020
671,In-Office,0.0,4.5,2020
672,In-Office,30.0,4.0,2020
673,In-Office,0.0,,2020
674,In-Office,-20.0,,2020
675,In-Office,50.0,3.5,2020
676,Remote,0.0,4.0,2020
677,Hybrid,50.0,4.5,2020
678,In-Office,10.0,,2020
679,Hybrid,0.0,5.0,2020
680,Hybrid,20.0,4.0,2020
681,In-Office,40.0,3.5,2020
682,Hybrid,0.0,3.5,2020
683,In-Office,0.0,4.0,2020
684,In-Office,20.0,3.5,2020
685,Hybrid,10.0,2.5,2020
686,In-Office,50.0,4.5,2020
687,Hybrid,40.0,4.5,2020
688,In-Office,20.0,4.0,2020
689,In-Office,0.0,5.0,2020
690,In-Office,0.0,5.0,2020
691,In-Office,30.0,3.5,2020
692,In-Office,-20.0,3.5,2020
693,In-Office,0.0,3.0,2020
694,In-Office,,,2020
695,In-Office,0.0,,2020
696,Remote,10.0,3.0,2020
697,Remote,30.0,4.0,2020
698,Hybrid,-10.0,4.0,2020
699,In-Office,30.0,3.0,2020
700,In-Office,0.0,2.0,2020
701,Hybrid,50.0,3.5,2020
702,Hybrid,50.0,5.0,2020
703,In-Office,-40.0,,2020
704,Hybrid,50.0,3.0,2020
705,Hybrid,-20.0,3.0,2020
706,Hybrid,50.0,4.0,2020
707,Remote,40.0,3.5,2020
708,Hybrid,0.0,4.0,2020
709,Remote,0.0,5.0,2020
710,Hybrid,-20.0,4.5,2020
711,Hybrid,30.0,3.0,2020
712,In-Office,0.0,4.5,2020
713,In-Office,0.0,4.0,2020
714,In-Office,20.0,3.0,2020
715,Hybrid,0.0,5.0,2020
716,In-Office,-20.0,3.0,2020
717,In-Office,0.0,,2020
718,In-Office,0.0,3.5,2020
719,In-Office,40.0,4.0,2020
720,In-Office,20.0,2.5,2020
721,In-Office,-30.0,4.0,2020
722,In-Office,50.0,,2020
723,In-Office,20.0,5.0,2020
724,In-Office,-20.0,3.5,2020
725,Remote,40.0,4.0,2020
726,Hybrid,0.0,5.0,2020
727,In-Office,0.0,,2020
728,In-Office,20.0,3.0,2020
729,In-Office,20.0,4.0,2020
730,Remote,30.0,4.0,2020
731,In-Office,20.0,2.5,2020
732,Remote,20.0,4.0,2020
733,In-Office,0.0,3.5,2020
734,In-Office,0.0,,2020
735,In-Office,40.0,,2020
736,In-Office,30.0,2.5,2020
737,In-Office,50.0,2.0,2020
738,In-Office,0.0,4.0,2020
739,Hybrid,-20.0,2.5,2020
740,Remote,50.0,5.0,2020
741,In-Office,0.0,3.5,2020
742,In-Office,10.0,4.5,2020
743,Hybrid,0.0,4.5,2020
744,Remote,0.0,3.5,2020
745,In-Office,10.0,4.5,2020
746,Hybrid,0.0,4.0,2020
747,Hybrid,20.0,4.0,2020
748,In-Office,50.0,,2020
749,In-Office,0.0,,2020
750,In-Office,0.0,,2020
751,Hybrid,0.0,5.0,2020
752,In-Office,0.0,5.0,2020
753,Remote,0.0,5.0,2020
754,In-Office,30.0,4.0,2020
755,Hybrid,-30.0,2.5,2020
756,In-Office,0.0,3.0,2020
757,Hybrid,20.0,3.5,2020
758,In-Office,50.0,,2020
759,In-Office,0.0,4.0,2020
760,Hybrid,50.0,4.5,2020
761,In-Office,50.0,,2020
762,In-Office,0.0,,2020
763,In-Office,0.0,,2020
764,Remote,-10.0,3.5,2020
765,In-Office,0.0,4.0,2020
766,In-Office,0.0,4.0,2020
767,In-Office,40.0,4.0,2020
768,Hybrid,0.0,3.5,2020
769,Hybrid,30.0,4.5,2020
770,Hybrid,0.0,4.0,2020
771,Remote,0.0,5.0,2020
772,In-Office,20.0,,2020
773,In-Office,-20.0,3.0,2020
774,Hybrid,-40.0,2.0,2020
775,Remote,0.0,5.0,2020
776,In-Office,0.0,,2020
777,Hybrid,30.0,5.0,2020
778,In-Office,0.0,5.0,2020
779,Hybrid,0.0,3.0,2020
780,In-Office,-10.0,,2020
781,In-Office,-20.0,2.5,2020
782,In-Office,-30.0,4.0,2020
783,In-Office,40.0,,2020
784,In-Office,20.0,4.0,2020
785,Hybrid,30.0,4.5,2020
786,In-Office,30.0,3.0,2020
787,Hybrid,-10.0,5.0,2020
788,Hybrid,0.0,5.0,2020
789,In-Office,30.0,4.5,2020
790,Hybrid,30.0,5.0,2020
791,In-Office,50.0,,2020
792,Hybrid,0.0,3.0,2020
793,Remote,-20.0,4.0,2020
794,In-Office,30.0,4.0,2020
795,In-Office,40.0,3.5,2020
796,Remote,0.0,3.0,2020
797,In-Office,0.0,,2020
798,In-Office,0.0,3.5,2020
799,In-Office,30.0,2.5,2020
800,Remote,30.0,4.0,2020
801,In-Office,10.0,,2020
802,Hybrid,50.0,4.5,2020
803,In-Office,0.0,4.0,2020
804,In-Office,0.0,3.0,2020
805,In-Office,-20.0,,2020
806,In-Office,50.0,3.0,2020
807,In-Office,0.0,3.5,2020
808,Hybrid,30.0,3.5,2020
809,In-Office,-40.0,3.0,2020
810,Hybrid,20.0,3.5,2020
811,In-Office,0.0,,2020
812,In-Office,0.0,4.0,2020
813,In-Office,0.0,,2020
814,In-Office,20.0,4.0,2020
815,In-Office,0.0,3.5,2020
816,Hybrid,0.0,3.5,2020
817,In-Office,50.0,4.0,2020
818,In-Office,50.0,,2020
819,In-Office,40.0,4.0,2020
820,Hybrid,0.0,5.0,2020
821,Remote,10.0,3.0,2020
822,In-Office,-20.0,,2020
823,Hybrid,50.0,5.0,2020
824,Remote,50.0,5.0,2020
825,In-Office,50.0,4.0,2020
826,In-Office,40.0,4.5,2020
827,In-Office,20.0,4.5,2020
828,Hybrid,50.0,5.0,2020
829,Hybrid,50.0,5.0,2020
830,Remote,30.0,3.5,2020
831,In-Office,0.0,3.0,2020
832,Hybrid,10.0,4.0,2020
833,In-Office,20.0,,2020
834,In-Office,0.0,4.0,2020
835,Remote,20.0,2.0,2020
836,Hybrid,-20.0,4.5,2020
837,Hybrid,50.0,5.0,2020
838,In-Office,-20.0,3.0,2020
839,In-Office,-30.0,1.0,2020
840,Hybrid,20.0,2.0,2020
841,In-Office,-20.0,,2020
842,In-Office,0.0,,2020
843,Hybrid,20.0,3.0,2020
844,In-Office,0.0,,2020
845,Hybrid,50.0,5.0,2020
846,In-Office,20.0,4.0,2020
847,In-Office,-20.0,2.0,2020
848,Remote,0.0,5.0,2020
849,In-Office,0.0,5.0,2020
850,In-Office,-10.0,4.0,2020
851,Remote,-10.0,4.0,2020
852,In-Office,50.0,,2020
853,Hybrid,,3.0,2020
854,In-Office,30.0,4.5,2020
855,Remote,50.0,3.5,2020
856,In-Office,0.0,4.5,2020
857,In-Office,10.0,,2020
858,In-Office,50.0,5.0,2020
859,In-Office,10.0,2.5,2020
860,In-Office,20.0,5.0,2020
861,In-Office,-20.0,4.5,2020
862,In-Office,0.0,4.0,2020
863,Hybrid,0.0,4.0,2020
864,In-Office,20.0,,2020
865,In-Office,-10.0,2.0,2020
866,Remote,50.0,4.0,2020
867,Remote,-10.0,4.0,2020
868,In-Office,40.0,,2020
869,In-Office,0.0,4.0,2020
870,Hybrid,50.0,4.5,2020
871,Remote,20.0,4.5,2020
872,In-Office,30.0,,2020
873,In-Office,30.0,4.0,2020
874,In-Office,30.0,,2020
875,In-Office,30.0,4.5,2020
876,Hybrid,10.0,3.5,2020
877,Hybrid,0.0,4.5,2020
878,In-Office,20.0,4.0,2020
879,In-Office,-30.0,,2020
880,Remote,20.0,3.5,2020
881,Hybrid,0.0,4.0,2020
882,Hybrid,0.0,3.5,2020
883,Hybrid,0.0,4.0,2020
884,In-Office,40.0,,2020
885,In-Office,0.0,4.0,2020
886,In-Office,-10.0,5.0,2020
887,In-Office,20.0,4.5,2020
888,In-Office,10.0,,2020
889,Hybrid,20.0,4.0,2020
890,Hybrid,0.0,3.5,2020
891,Hybrid,50.0,5.0,2020
892,In-Office,20.0,,2020
893,In-Office,0.0,5.0,2020
894,In-Office,10.0,4.0,2020
895,In-Office,0.0,4.0,2020
896,In-Office,30.0,3.5,2020
897,Hybrid,50.0,5.0,2020
898,Remote,0.0,3.0,2020
899,Remote,50.0,5.0,2020
900,In-Office,0.0,,2020
901,In-Office,40.0,3.5,2020
902,Remote,20.0,4.0,2020
903,In-Office,0.0,4.5,2020
904,Hybrid,30.0,4.0,2020
905,Hybrid,20.0,5.0,2020
906,Hybrid,10.0,4.5,2020
907,Remote,0.0,5.0,2020
908,In-Office,50.0,4.0,2020
909,Hybrid,50.0,5.0,2020
910,Hybrid,0.0,3.0,2020
911,In-Office,20.0,2.5,2020
912,In-Office,30.0,3.5,2020
913,In-Office,0.0,,2020
914,In-Office,-30.0,3.5,2020
915,Remote,50.0,4.5,2020
916,In-Office,0.0,3.5,2020
917,In-Office,-10.0,5.0,2020
918,In-Office,-20.0,4.0,2020
919,In-Office,20.0,,2020
920,Hybrid,40.0,4.0,2020
921,In-Office,30.0,4.0,2020
922,Remote,50.0,5.0,2020
923,In-Office,0.0,,2020
924,In-Office,10.0,3.5,2020
925,In-Office,0.0,,2020
926,In-Office,0.0,4.0,2020
927,Remote,0.0,4.0,2020
928,In-Office,0.0,3.5,2020
929,Remote,30.0,4.5,2020
930,In-Office,-20.0,2.0,2020
931,In-Office,0.0,,2020
932,In-Office,20.0,4.0,2020
933,In-Office,0.0,,2020
934,Hybrid,,2.0,2020
935,Remote,-10.0,4.5,2020
936,In-Office,50.0,4.5,2020
937,Remote,50.0,5.0,2020
938,In-Office,20.0,4.0,2020
939,In-Office,-30.0,2.0,2020
940,In-Office,0.0,3.0,2020
941,In-Office,10.0,4.5,2020
942,In-Office,0.0,4.0,2020
943,In-Office,0.0,4.0,2020
944,In-Office,0.0,3.0,2020
945,Hybrid,0.0,3.0,2020
946,Hybrid,20.0,4.0,2020
947,In-Office,30.0,,2020
948,In-Office,50.0,4.0,2020
949,Hybrid,30.0,3.0,2020
950,In-Office,30.0,4.0,2020
951,Hybrid,-10.0,3.5,2020
952,In-Office,0.0,4.0,2020
953,Remote,30.0,5.0,2020
954,In-Office,0.0,3.0,2020
955,In-Office,-10.0,2.5,2020
956,In-Office,0.0,,2020
957,Hybrid,40.0,4.0,2020
958,In-Office,0.0,,2020
959,In-Office,0.0,5.0,2020
960,In-Office,-30.0,3.0,2020
961,In-Office,,1.0,2020
962,In-Office,10.0,4.5,2020
963,Hybrid,0.0,5.0,2020
964,In-Office,10.0,3.0,2020
965,Hybrid,50.0,5.0,2020
966,Remote,50.0,5.0,2020
967,In-Office,40.0,,2020
968,In-Office,50.0,4.0,2020
969,In-Office,-10.0,4.0,2020
970,In-Office,10.0,3.0,2020
971,Hybrid,50.0,4.5,2020
972,Hybrid,20.0,3.0,2020
973,In-Office,0.0,4.5,2020
974,In-Office,50.0,4.0,2020
975,In-Office,0.0,,2020
976,In-Office,0.0,2.5,2020
977,Remote,,4.5,2020
978,In-Office,10.0,,2020
979,In-Office,-20.0,3.0,2020
980,Hybrid,0.0,4.5,2020
981,Hybrid,0.0,3.5,2020
982,In-Office,-10.0,3.5,2020
983,Hybrid,50.0,4.0,2020
984,In-Office,-10.0,3.5,2020
985,In-Office,40.0,4.5,2020
986,In-Office,0.0,3.0,2020
987,Remote,0.0,3.5,2020
988,In-Office,-30.0,,2020
989,Hybrid,30.0,3.0,2020
990,In-Office,0.0,4.0,2020
991,In-Office,50.0,,2020
992,Remote,0.0,5.0,2020
993,Hybrid,50.0,4.0,2020
994,In-Office,20.0,4.0,2020
995,In-Office,0.0,3.0,2020
996,In-Office,20.0,3.5,2020
997,In-Office,0.0,3.0,2020
998,In-Office,20.0,5.0,2020
999,In-Office,30.0,5.0,2020
1000,In-Office,0.0,,2020
1001,Remote,0.0,5.0,2020
1002,In-Office,30.0,4.0,2020
1003,In-Office,20.0,4.5,2020
1004,In-Office,0.0,,2020
1005,In-Office,0.0,3.0,2020
1006,In-Office,-10.0,,2020
1007,In-Office,50.0,,2020
1008,In-Office,-20.0,,2020
1009,In-Office,50.0,5.0,2020
1010,In-Office,-20.0,,2020
1011,Hybrid,50.0,4.5,2020
1012,In-Office,0.0,4.0,2020
1013,In-Office,30.0,4.0,2020
1014,Hybrid,30.0,4.0,2020
1015,In-Office,50.0,5.0,2020
1016,In-Office,0.0,3.5,2020
1017,Hybrid,30.0,4.0,2020
1018,In-Office,50.0,3.5,2020
1019,In-Office,20.0,4.0,2020
1020,In-Office,30.0,3.0,2020
1021,In-Office,-10.0,3.5,2020
1022,Hybrid,0.0,4.0,2020
1023,In-Office,20.0,2.0,2020
1024,In-Office,10.0,,2020
1025,In-Office,20.0,,2020
1026,In-Office,-20.0,5.0,2020
1027,In-Office,20.0,2.0,2020
1028,In-Office,20.0,2.5,2020
1029,In-Office,20.0,5.0,2020
1030,In-Office,20.0,3.0,2020
1031,Hybrid,30.0,4.5,2020
1032,Remote,40.0,4.5,2020
1033,Hybrid,40.0,2.5,2020
1034,Hybrid,30.0,5.0,2020
1035,Hybrid,30.0,5.0,2020
1036,In-Office,-20.0,,2020
1037,In-Office,0.0,,2020
1038,Hybrid,-10.0,3.5,2020
1039,In-Office,10.0,4.0,2020
1040,Hybrid,20.0,4.5,2020
1041,In-Office,50.0,3.5,2020
1042,In-Office,40.0,4.0,2020
1043,In-Office,0.0,3.5,2020
1044,In-Office,0.0,3.0,2020
1045,Hybrid,0.0,3.0,2020
1046,Remote,50.0,4.0,2020
1047,In-Office,0.0,5.0,2020
1048,In-Office,50.0,3.0,2020
1049,In-Office,0.0,3.0,2020
1050,In-Office,30.0,,2020
1051,Remote,,4.0,2020
1052,In-Office,0.0,5.0,2020
1053,In-Office,-10.0,,2020
1054,Hybrid,20.0,4.0,2020
1055,Hybrid,40.0,4.0,2020
1056,Hybrid,40.0,2.5,2020
1057,Hybrid,10.0,4.0,2020
1058,In-Office,0.0,5.0,2020
1059,In-Office,-10.0,4.0,2020
1060,In-Office,0.0,4.0,2020
1061,Hybrid,50.0,4.5,2020
1062,Hybrid,-10.0,3.5,2020
1063,Hybrid,20.0,5.0,2020
1064,Hybrid,50.0,4.0,2020
1065,In-Office,20.0,3.0,2020
1066,Hybrid,50.0,4.0,2020
1067,In-Office,50.0,,2020
1068,In-Office,-20.0,4.0,2020
1069,In-Office,0.0,,2020
1070,In-Office,20.0,,2020
1071,In-Office,20.0,3.0,2020
1072,In-Office,0.0,3.5,2020
1073,In-Office,0.0,,2020
1074,Hybrid,0.0,3.0,2020
1075,Hybrid,-10.0,4.5,2020
1076,In-Office,0.0,4.5,2020
1077,Hybrid,50.0,4.0,2020
1078,In-Office,10.0,3.5,2020
1079,In-Office,50.0,,2020
1080,Remote,0.0,5.0,2020
1081,In-Office,20.0,,2020
1082,Hybrid,30.0,3.0,2020
1083,In-Office,-20.0,,2020
1084,In-Office,0.0,5.0,2020
1085,Hybrid,50.0,5.0,2020
1086,Remote,30.0,4.0,2020
1087,In-Office,30.0,3.5,2020
1088,In-Office,0.0,5.0,2020
1089,In-Office,-30.0,,2020
1090,Hybrid,30.0,5.0,2020
1091,Hybrid,10.0,4.5,2020
1092,In-Office,30.0,2.5,2020
1093,Hybrid,10.0,3.0,2020
1094,In-Office,-20.0,2.5,2020
1095,Hybrid,20.0,4.5,2020
1096,In-Office,0.0,3.0,2020
1097,Hybrid,20.0,3.5,2020
1098,In-Office,20.0,,2020
1099,In-Office,0.0,3.0,2020
1100,Hybrid,30.0,3.5,2020
1101,In-Office,0.0,,2020
1102,Hybrid,30.0,4.0,2020
1103,In-Office,0.0,,2020
1104,Remote,50.0,5.0,2020
1105,In-Office,0.0,,2020
1106,In-Office,20.0,3.0,2020
1107,In-Office,-20.0,2.0,2020
1108,Remote,50.0,3.0,2020
1109,In-Office,0.0,4.0,2020
1110,Hybrid,40.0,3.0,2020
1111,Hybrid,40.0,4.0,2020
1112,Hybrid,,5.0,2020
1113,In-Office,10.0,3.0,2020
1114,In-Office,50.0,,2020
1115,Hybrid,0.0,3.5,2020
1116,Hybrid,0.0,5.0,2020
1117,Remote,-10.0,3.0,2020
1118,In-Office,50.0,5.0,2020
1119,Hybrid,30.0,4.0,2020
1120,In-Office,0.0,,2020
1121,Hybrid,30.0,4.0,2020
1122,Hybrid,-10.0,5.0,2020
1123,In-Office,0.0,,2020
1124,Hybrid,50.0,5.0,2020
1125,In-Office,10.0,2.5,2020
1126,Hybrid,30.0,3.0,2020
1127,Hybrid,20.0,3.5,2020
1128,Hybrid,-20.0,3.0,2020
1129,In-Office,30.0,1.5,2020
1130,Hybrid,10.0,3.0,2020
1131,Remote,50.0,4.5,2020
1132,Remote,20.0,5.0,2020
1133,Remote,20.0,4.5,2020
1134,Hybrid,50.0,5.0,2020
1135,In-Office,0.0,2.0,2020
1136,Hybrid,50.0,4.5,2020
1137,Hybrid,50.0,4.0,2020
1138,Hybrid,0.0,2.0,2020
1139,In-Office,20.0,4.0,2020
1140,Hybrid,10.0,5.0,2020
1141,In-Office,50.0,3.5,2020
1142,Hybrid,30.0,5.0,2020
1143,In-Office,20.0,,2020
1144,Hybrid,-10.0,4.5,2020
1145,Remote,0.0,3.0,2020
1146,In-Office,30.0,,2020
1147,In-Office,-10.0,4.0,2020
1148,In-Office,-10.0,,2020
1149,Remote,20.0,4.0,2020
1150,Remote,50.0,4.0,2020
1151,Hybrid,10.0,4.0,2020
1152,Hybrid,20.0,4.5,2020
1153,Hybrid,50.0,4.0,2020
1154,In-Office,,2.0,2020
1155,In-Office,20.0,4.5,2020
1156,Hybrid,30.0,4.0,2020
1157,In-Office,0.0,4.0,2020
1158,Hybrid,20.0,3.5,2020
1159,Remote,50.0,5.0,2020
1160,Remote,50.0,4.5,2020
1161,In-Office,40.0,4.5,2020
1162,In-Office,0.0,3.0,2020
1163,In-Office,50.0,4.0,2020
1164,Hybrid,40.0,4.5,2020
1165,Remote,20.0,5.0,2020
1166,In-Office,0.0,,2020
1167,In-Office,0.0,,2020
1168,In-Office,50.0,5.0,2020
1169,Hybrid,30.0,3.5,2020
1170,Hybrid,50.0,5.0,2020
1171,In-Office,30.0,3.5,2020
1172,In-Office,30.0,4.0,2020
1173,Remote,50.0,3.0,2020
1174,Hybrid,30.0,5.0,2020
1175,In-Office,-20.0,2.5,2020
1176,In-Office,,,2020
1177,Hybrid,-20.0,2.5,2020
1178,Remote,0.0,5.0,2020
1179,Hybrid,20.0,5.0,2020
1180,Hybrid,30.0,3.0,2020
1181,In-Office,30.0,2.0,2020
1182,Remote,0.0,3.5,2020
1183,Hybrid,0.0,4.0,2020
1184,In-Office,10.0,4.0,2020
1185,Hybrid,,2.0,2020
1186,In-Office,-30.0,2.0,2020
1187,In-Office,10.0,,2020
1188,Hybrid,30.0,4.0,2020
1189,Hybrid,30.0,5.0,2020
1190,In-Office,50.0,4.0,2020
1191,In-Office,-10.0,3.5,2020
1192,In-Office,30.0,2.0,2020
1193,In-Office,30.0,,2020
1194,Hybrid,10.0,3.5,2020
1195,Hybrid,-20.0,3.5,2020
1196,Hybrid,0.0,4.0,2020
1197,Hybrid,20.0,3.5,2020
1198,In-Office,-10.0,2.5,2020
1199,In-Office,-10.0,,2020
1200,In-Office,0.0,3.5,2020
1201,In-Office,40.0,,2020
1202,In-Office,-10.0,,2020
1203,Remote,30.0,5.0,2020
1204,Remote,20.0,3.5,2020
1205,In-Office,50.0,,2020
1206,In-Office,0.0,3.0,2020
1207,In-Office,-20.0,,2020
1208,In-Office,0.0,4.0,2020
1209,Remote,0.0,5.0,2020
1210,In-Office,50.0,,2020
1211,Remote,30.0,3.5,2020
1212,In-Office,20.0,4.0,2020
1213,Hybrid,40.0,5.0,2020
1214,In-Office,0.0,4.0,2020
1215,In-Office,50.0,,2020
1216,In-Office,0.0,3.5,2020
1217,In-Office,50.0,,2020
1218,In-Office,30.0,3.0,2020
1219,In-Office,0.0,4.0,2020
1220,In-Office,0.0,,2020
1221,Hybrid,0.0,1.0,2020
1222,Hybrid,50.0,5.0,2020
1223,In-Office,-30.0,3.0,2020
1224,Hybrid,20.0,4.0,2020
1225,Hybrid,50.0,4.5,2020
1226,Remote,10.0,5.0,2020
1227,Hybrid,50.0,5.0,2020
1228,In-Office,-20.0,3.0,2020
1229,Hybrid,0.0,3.5,2020
1230,In-Office,-30.0,3.0,2020
1231,In-Office,0.0,2.5,2020
1232,Hybrid,50.0,2.0,2020
1233,Hybrid,20.0,3.5,2020
1234,Remote,0.0,4.0,2020
1235,In-Office,-10.0,4.5,2020
1236,Hybrid,0.0,3.0,2020
1237,In-Office,0.0,5.0,2020
1238,Remote,0.0,3.0,2020
1239,In-Office,50.0,,2020
1240,In-Office,30.0,4.0,2020
1241,Remote,0.0,5.0,2020
1242,In-Office,0.0,4.0,2020
1243,Hybrid,0.0,4.0,2020
1244,In-Office,0.0,4.5,2020
1245,In-Office,20.0,5.0,2020
1246,In-Office,-10.0,,2020
1247,In-Office,0.0,,2020
1248,In-Office,0.0,2.0,2020
1249,Hybrid,10.0,3.5,2020
1250,Hybrid,-30.0,4.0,2020
1251,Remote,50.0,5.0,2020
1252,In-Office,40.0,2.0,2020
1253,In-Office,-10.0,3.0,2020
1254,Hybrid,-30.0,3.0,2020
1255,Hybrid,50.0,2.0,2020
1256,Hybrid,-10.0,4.0,2020
1257,Hybrid,-10.0,3.0,2020
1258,In-Office,10.0,4.0,2020
1259,Remote,10.0,2.5,2020
1260,Remote,20.0,4.5,2020
1261,Hybrid,40.0,3.0,2020
1262,In-Office,-20.0,2.0,2020
1263,Hybrid,10.0,4.0,2020
1264,Hybrid,50.0,4.5,2020
1265,In-Office,-10.0,,2020
1266,In-Office,50.0,3.5,2020
1267,Hybrid,0.0,4.0,2020
1268,In-Office,30.0,3.5,2020
1269,Remote,40.0,4.0,2020
1270,In-Office,20.0,5.0,2020
1271,Hybrid,10.0,3.5,2020
1272,In-Office,0.0,2.5,2020
1273,Hybrid,30.0,3.0,2020
1274,In-Office,20.0,5.0,2020
1275,Hybrid,-10.0,3.5,2020
1276,In-Office,-10.0,,2020
1277,In-Office,10.0,,2020
1278,In-Office,-10.0,,2020
1279,Hybrid,10.0,5.0,2020
1280,Hybrid,30.0,5.0,2020
1281,Hybrid,0.0,5.0,2020
1282,Remote,0.0,4.5,2020
1283,Hybrid,20.0,3.5,2020
1284,Hybrid,50.0,2.0,2020
1285,Remote,0.0,3.0,2020
1286,Remote,20.0,5.0,2020
1287,In-Office,20.0,3.0,2020
1288,In-Office,30.0,3.0,2020
1289,In-Office,0.0,2.0,2020
1290,In-Office,0.0,4.0,2020
1291,Hybrid,0.0,4.0,2020
1292,In-Office,0.0,,2020
1293,Hybrid,0.0,5.0,2020
1294,Remote,30.0,5.0,2020
1295,Hybrid,-30.0,3.5,2020
1296,In-Office,-10.0,3.0,2020
1297,Hybrid,10.0,4.5,2020
1298,In-Office,40.0,5.0,2020
1299,Remote,40.0,3.5,2020
1300,In-Office,50.0,,2020
1301,Hybrid,0.0,1.0,2020
1302,Hybrid,0.0,3.5,2020
1303,In-Office,30.0,4.0,2020
1304,Hybrid,-10.0,3.0,2020
1305,In-Office,0.0,4.0,2020
1306,Hybrid,50.0,4.5,2020
1307,Remote,40.0,2.5,2020
1308,Hybrid,40.0,4.0,2020
1309,In-Office,20.0,4.0,2020
1310,Remote,0.0,5.0,2020
1311,In-Office,0.0,4.0,2020
1312,In-Office,20.0,,2020
1313,Hybrid,50.0,4.5,2020
1314,Remote,0.0,4.5,2020
1315,In-Office,30.0,3.5,2020
1316,Remote,0.0,4.5,2020
1317,In-Office,0.0,4.0,2020
1318,In-Office,0.0,,2020
1319,Remote,0.0,5.0,2020
1320,In-Office,50.0,5.0,2020
1321,In-Office,20.0,4.0,2020
1322,In-Office,-10.0,2.5,2020
1323,In-Office,20.0,3.0,2020
1324,Hybrid,30.0,3.0,2020
1325,Remote,0.0,3.5,2020
1326,Remote,50.0,5.0,2020
1327,Hybrid,40.0,4.0,2020
1328,Hybrid,10.0,3.5,2020
1329,In-Office,10.0,4.0,2020
1330,Remote,40.0,5.0,2020
1331,In-Office,0.0,4.5,2020
1332,In-Office,20.0,4.0,2020
1333,Hybrid,-20.0,3.5,2020
1334,Hybrid,40.0,4.0,2020
1335,In-Office,30.0,5.0,2020
1336,Remote,20.0,3.5,2020
1337,In-Office,50.0,,2020
1338,In-Office,0.0,,2020
1339,Hybrid,10.0,5.0,2020
1340,Hybrid,-20.0,3.5,2020
1341,In-Office,30.0,,2020
1342,In-Office,-10.0,,2020
1343,In-Office,30.0,4.5,2020
1344,In-Office,50.0,5.0,2020
1345,In-Office,30.0,2.5,2020
1346,In-Office,-10.0,,2020
1347,In-Office,20.0,4.5,2020
1348,Hybrid,40.0,3.5,2020
1349,Remote,0.0,2.5,2020
1350,In-Office,20.0,3.5,2020
1351,In-Office,30.0,3.5,2020
1352,Hybrid,-30.0,4.5,2020
1353,Hybrid,50.0,5.0,2020
1354,Hybrid,-20.0,2.5,2020
1355,In-Office,30.0,3.0,2020
1356,Hybrid,50.0,4.0,2020
1357,Hybrid,0.0,4.0,2020
1358,In-Office,,,2020
1359,Hybrid,40.0,4.5,2020
1360,Hybrid,10.0,4.0,2020
1361,Hybrid,20.0,4.0,2020
1362,In-Office,0.0,,2020
1363,In-Office,30.0,4.0,2020
1364,In-Office,0.0,,2020
1365,Hybrid,30.0,3.5,2020
1366,Remote,50.0,4.0,2020
1367,Hybrid,20.0,4.0,2020
1368,In-Office,30.0,,2020
1369,In-Office,50.0,,2020
1370,Hybrid,0.0,4.0,2020
1371,Hybrid,0.0,3.5,2020
1372,In-Office,0.0,2.5,2020
1373,Remote,20.0,4.0,2020
1374,In-Office,50.0,,2020
1375,In-Office,0.0,,2020
1376,In-Office,30.0,4.0,2020
1377,Remote,50.0,5.0,2020
1378,Hybrid,30.0,3.5,2020
1379,In-Office,50.0,,2020
1380,In-Office,0.0,3.0,2020
1381,In-Office,30.0,,2020
1382,In-Office,0.0,2.0,2020
1383,Hybrid,40.0,4.0,2020
1384,In-Office,-10.0,2.5,2020
1385,Hybrid,50.0,5.0,2020
1386,Hybrid,0.0,2.5,2020
1387,Hybrid,0.0,3.5,2020
1388,In-Office,0.0,4.5,2020
1389,Hybrid,20.0,3.0,2020
1390,Hybrid,-10.0,3.5,2020
1391,Hybrid,0.0,5.0,2020
1392,Hybrid,30.0,5.0,2020
1393,In-Office,-10.0,,2020
1394,Remote,50.0,5.0,2020
1395,In-Office,0.0,4.0,2020
1396,Remote,50.0,4.5,2020
1397,In-Office,0.0,3.5,2020
1398,Hybrid,0.0,5.0,2020
1399,In-Office,0.0,,2020
1400,Hybrid,50.0,4.0,2020
1401,Hybrid,0.0,4.0,2020
1402,In-Office,-20.0,,2020
1403,In-Office,0.0,4.0,2020
1404,In-Office,10.0,5.0,2020
1405,In-Office,10.0,3.5,2020
1406,Hybrid,30.0,4.5,2020
1407,Hybrid,50.0,5.0,2020
1408,In-Office,20.0,3.5,2020
1409,Hybrid,0.0,3.5,2020
1410,In-Office,-10.0,4.0,2020
1411,Hybrid,0.0,4.0,2020
1412,In-Office,40.0,3.5,2020
1413,In-Office,0.0,2.5,2020
1414,In-Office,0.0,4.5,2020
1415,In-Office,0.0,3.0,2020
1416,In-Office,0.0,5.0,2020
1417,Hybrid,-10.0,2.5,2020
1418,In-Office,10.0,,2020
1419,In-Office,0.0,4.5,2020
1420,Hybrid,50.0,5.0,2020
1421,In-Office,-20.0,,2020
1422,In-Office,-10.0,2.0,2020
1423,Hybrid,-20.0,5.0,2020
1424,In-Office,30.0,4.0,2020
1425,Hybrid,20.0,3.5,2020
1426,In-Office,0.0,,2020
1427,In-Office,50.0,4.0,2020
1428,Hybrid,0.0,3.0,2020
1429,Hybrid,20.0,4.0,2020
1430,In-Office,-10.0,,2020
1431,In-Office,10.0,4.5,2020
1432,Hybrid,50.0,4.0,2020
1433,Hybrid,50.0,4.0,2020
1434,In-Office,0.0,3.5,2020
1435,Hybrid,50.0,3.5,2020
1436,Hybrid,40.0,4.5,2020
1437,Hybrid,50.0,3.5,2020
1438,Hybrid,30.0,4.0,2020
1439,Hybrid,50.0,4.5,2020
1440,Hybrid,40.0,4.5,2020
1441,In-Office,-10.0,3.0,2020
1442,Hybrid,50.0,5.0,2020
1443,In-Office,20.0,3.0,2020
1444,Hybrid,20.0,4.5,2020
1445,Remote,0.0,5.0,2020
1446,Hybrid,-10.0,4.0,2020
1447,In-Office,40.0,5.0,2020
1448,In-Office,20.0,5.0,2020
1449,In-Office,50.0,,2020
1450,Remote,30.0,3.0,2020
1451,In-Office,-10.0,,2020
1452,In-Office,30.0,,2020
1453,Remote,-20.0,5.0,2020
1454,Remote,0.0,3.0,2020
1455,Remote,0.0,5.0,2020
1456,Hybrid,30.0,4.5,2020
1457,Hybrid,50.0,5.0,2020
1458,Hybrid,20.0,4.0,2020
1459,Hybrid,10.0,3.5,2020
1460,Hybrid,0.0,3.5,2020
1461,Hybrid,30.0,3.5,2020
1462,Hybrid,40.0,4.5,2020
1463,In-Office,0.0,,2020
1464,In-Office,-30.0,4.0,2020
1465,Hybrid,10.0,4.5,2020
1466,Hybrid,40.0,5.0,2020
1467,Remote,0.0,4.5,2020
1468,In-Office,0.0,3.0,2020
1469,Hybrid,20.0,4.5,2020
1470,In-Office,0.0,5.0,2020
1471,In-Office,0.0,4.5,2020
1472,In-Office,-10.0,3.0,2020
1473,In-Office,0.0,4.0,2020
1474,In-Office,20.0,5.0,2020
1475,Hybrid,20.0,4.0,2020
1476,In-Office,-30.0,2.5,2020
1477,Hybrid,-30.0,3.0,2020
1478,In-Office,0.0,4.0,2020
1479,In-Office,10.0,5.0,2020
1480,In-Office,10.0,3.5,2020
1481,Remote,20.0,4.5,2020
1482,Hybrid,20.0,4.0,2020
1483,Hybrid,40.0,4.0,2020
1484,Hybrid,20.0,3.5,2020
1485,In-Office,50.0,4.0,2020
1486,In-Office,,2.0,2020
1487,Hybrid,30.0,4.5,2020
1488,In-Office,0.0,2.0,2020
1489,In-Office,50.0,,2020
1490,Hybrid,10.0,3.5,2020
1491,Hybrid,30.0,3.0,2020
1492,In-Office,30.0,3.5,2020
1493,In-Office,30.0,,2020
1494,Hybrid,40.0,4.0,2020
1495,Hybrid,-40.0,4.5,2020
1496,In-Office,30.0,,2020
1497,Remote,10.0,4.5,2020
1498,In-Office,20.0,4.0,2020
1499,Hybrid,0.0,3.5,2020
1500,Hybrid,30.0,3.5,2020
1501,In-Office,20.0,5.0,2020
1502,Remote,-20.0,4.0,2020
1503,In-Office,30.0,4.0,2020
1504,In-Office,-10.0,3.5,2020
1505,Hybrid,50.0,3.5,2020
1506,In-Office,40.0,4.0,2020
1507,In-Office,30.0,4.0,2020
1,Hybrid,50.0,4.0,2021
2,In-Office,50.0,3.0,2021
3,Remote,0.0,5.0,2021
4,Hybrid,50.0,3.0,2021
5,Remote,20.0,5.0,2021
6,Hybrid,20.0,3.0,2021
7,Remote,10.0,4.0,2021
8,Remote,20.0,4.0,2021
9,Hybrid,,3.0,2021
10,Remote,50.0,5.0,2021
11,Remote,50.0,4.0,2021
12,In-Office,20.0,3.0,2021
13,Hybrid,-10.0,5.0,2021
14,Hybrid,-20.0,2.0,2021
15,Remote,40.0,4.0,2021
16,In-Office,50.0,2.0,2021
17,In-Office,50.0,4.0,2021
18,In-Office,10.0,5.0,2021
19,In-Office,10.0,5.0,2021
20,Remote,20.0,4.0,2021
21,In-Office,50.0,4.0,2021
22,Hybrid,30.0,5.0,2021
23,Hybrid,30.0,4.0,2021
24,Remote,50.0,5.0,2021
25,Remote,50.0,5.0,2021
26,Remote,0.0,4.0,2021
27,In-Office,30.0,5.0,2021
28,In-Office,30.0,4.0,2021
29,Hybrid,40.0,5.0,2021
30,Remote,20.0,4.0,2021
31,In-Office,0.0,4.0,2021
32,Remote,30.0,5.0,2021
33,Hybrid,10.0,4.0,2021
34,Hybrid,20.0,4.0,2021
35,In-Office,-20.0,2.0,2021
36,Remote,-10.0,4.0,2021
37,In-Office,50.0,5.0,2021
38,Hybrid,50.0,4.0,2021
39,In-Office,40.0,5.0,2021
40,Remote,50.0,5.0,2021
41,In-Office,0.0,4.0,2021
42,In-Office,0.0,5.0,2021
43,In-Office,50.0,4.0,2021
44,Hybrid,50.0,2.0,2021
45,Hybrid,-20.0,2.0,2021
46,Hybrid,0.0,4.0,2021
47,Remote,0.0,4.0,2021
48,In-Office,30.0,4.0,2021
49,Remote,20.0,4.0,2021
50,Remote,30.0,4.0,2021
51,Hybrid,50.0,4.0,2021
52,Hybrid,0.0,3.0,2021
53,Hybrid,50.0,3.0,2021
54,Remote,50.0,5.0,2021
55,In-Office,30.0,5.0,2021
56,Remote,0.0,5.0,2021
57,Remote,50.0,5.0,2021
58,Hybrid,30.0,4.0,2021
59,Hybrid,20.0,4.0,2021
60,Remote,0.0,4.0,2021
61,In-Office,50.0,4.0,2021
62,Hybrid,0.0,5.0,2021
63,Remote,0.0,5.0,2021
64,In-Office,,2.0,2021
65,Remote,0.0,4.0,2021
66,Hybrid,-20.0,2.0,2021
67,Hybrid,30.0,3.0,2021
68,Hybrid,10.0,4.0,2021
69,Remote,20.0,2.0,2021
70,Remote,30.0,5.0,2021
71,In-Office,0.0,4.0,2021
72,In-Office,0.0,3.0,2021
73,In-Office,30.0,5.0,2021
74,Hybrid,10.0,4.0,2021
75,In-Office,50.0,5.0,2021
76,Remote,-10.0,4.0,2021
77,Remote,20.0,3.0,2021
78,Remote,0.0,4.0,2021
79,Hybrid,50.0,5.0,2021
80,In-Office,10.0,1.0,2021
81,Hybrid,20.0,3.0,2021
82,Remote,50.0,4.0,2021
83,In-Office,-20.0,4.0,2021
84,Hybrid,30.0,3.0,2021
85,Hybrid,30.0,5.0,2021
86,In-Office,0.0,5.0,2021
87,In-Office,-10.0,4.0,2021
88,Remote,-20.0,4.0,2021
89,Remote,50.0,5.0,2021
90,In-Office,0.0,2.0,2021
91,In-Office,0.0,1.0,2021
92,Hybrid,30.0,3.0,2021
93,In-Office,0.0,3.0,2021
94,Hybrid,0.0,4.0,2021
95,Remote,0.0,4.0,2021
96,In-Office,-10.0,4.0,2021
97,In-Office,40.0,1.0,2021
98,Hybrid,50.0,4.0,2021
99,Hybrid,30.0,4.0,2021
100,Hybrid,10.0,4.0,2021
101,Hybrid,20.0,4.0,2021
102,Hybrid,10.0,2.0,2021
103,Remote,30.0,4.0,2021
104,Hybrid,40.0,5.0,2021
105,In-Office,0.0,4.0,2021
106,Hybrid,30.0,1.0,2021
107,In-Office,40.0,4.0,2021
108,Remote,0.0,5.0,2021
109,Hybrid,20.0,4.0,2021
110,In-Office,30.0,4.0,2021
111,Hybrid,40.0,4.0,2021
112,Remote,50.0,3.0,2021
113,In-Office,0.0,3.0,2021
114,Hybrid,20.0,4.0,2021
115,Hybrid,20.0,5.0,2021
116,Hybrid,30.0,3.0,2021
117,In-Office,20.0,3.0,2021
118,In-Office,-10.0,4.0,2021
119,Hybrid,-30.0,5.0,2021
120,Remote,50.0,5.0,2021
121,In-Office,0.0,4.0,2021
122,Remote,20.0,3.0,2021
123,Hybrid,50.0,5.0,2021
124,Hybrid,20.0,4.0,2021
125,In-Office,-10.0,4.0,2021
126,Hybrid,50.0,3.0,2021
127,In-Office,20.0,5.0,2021
128,In-Office,-10.0,3.0,2021
129,Hybrid,20.0,3.0,2021
130,Hybrid,50.0,2.0,2021
131,Hybrid,30.0,3.0,2021
132,Hybrid,20.0,5.0,2021
133,In-Office,-10.0,3.0,2021
134,Remote,0.0,4.0,2021
135,Remote,50.0,2.0,2021
136,In-Office,-30.0,2.0,2021
137,Hybrid,20.0,3.0,2021
138,In-Office,0.0,5.0,2021
139,Remote,30.0,5.0,2021
140,Hybrid,50.0,4.0,2021
141,Hybrid,30.0,4.0,2021
142,Remote,50.0,5.0,2021
143,Remote,20.0,4.0,2021
144,In-Office,,2.0,2021
145,Hybrid,30.0,4.0,2021
146,In-Office,-30.0,3.0,2021
147,In-Office,30.0,5.0,2021
148,Hybrid,30.0,3.0,2021
149,In-Office,20.0,4.0,2021
150,Hybrid,30.0,3.0,2021
151,Remote,50.0,5.0,2021
152,Hybrid,40.0,4.0,2021
153,Remote,20.0,4.0,2021
154,Hybrid,30.0,5.0,2021
155,In-Office,10.0,4.0,2021
156,In-Office,10.0,2.0,2021
157,Hybrid,40.0,5.0,2021
158,In-Office,-10.0,3.0,2021
159,Hybrid,40.0,5.0,2021
160,In-Office,30.0,4.0,2021
161,Hybrid,40.0,4.0,2021
162,Hybrid,50.0,5.0,2021
163,In-Office,20.0,3.0,2021
164,Remote,0.0,4.0,2021
165,Hybrid,-10.0,2.0,2021
166,Hybrid,50.0,5.0,2021
167,Hybrid,0.0,3.0,2021
168,Hybrid,-30.0,4.0,2021
169,In-Office,20.0,5.0,2021
170,Hybrid,-40.0,4.0,2021
171,Hybrid,20.0,5.0,2021
172,In-Office,0.0,4.0,2021
173,In-Office,0.0,5.0,2021
174,Hybrid,30.0,4.0,2021
175,In-Office,50.0,2.0,2021
176,In-Office,-10.0,3.0,2021
177,In-Office,10.0,5.0,2021
178,Hybrid,10.0,4.0,2021
179,Remote,10.0,4.0,2021
180,In-Office,0.0,1.0,2021
181,Hybrid,30.0,4.0,2021
182,In-Office,0.0,5.0,2021
183,Remote,10.0,3.0,2021
184,In-Office,0.0,2.0,2021
185,Remote,20.0,5.0,2021
186,Hybrid,,1.0,2021
187,In-Office,10.0,4.0,2021
188,Remote,30.0,5.0,2021
189,In-Office,-20.0,4.0,2021
190,In-Office,50.0,5.0,2021
191,In-Office,20.0,4.0,2021
192,Hybrid,10.0,4.0,2021
193,In-Office,0.0,2.0,2021
194,Hybrid,40.0,5.0,2021
195,In-Office,20.0,4.0,2021
196,Remote,-10.0,5.0,2021
197,In-Office,-10.0,3.0,2021
198,Remote,50.0,5.0,2021
199,In-Office,0.0,4.0,2021
200,In-Office,50.0,4.0,2021
201,Hybrid,40.0,4.0,2021
202,Remote,50.0,5.0,2021
203,Remote,50.0,5.0,2021
204,Remote,10.0,4.0,2021
205,In-Office,0.0,3.0,2021
206,In-Office,40.0,5.0,2021
207,Remote,0.0,4.0,2021
208,Hybrid,50.0,5.0,2021
209,Hybrid,30.0,3.0,2021
210,Hybrid,20.0,2.0,2021
211,Hybrid,0.0,4.0,2021
212,In-Office,20.0,1.0,2021
213,In-Office,30.0,4.0,2021
214,Remote,30.0,1.0,2021
215,Remote,20.0,4.0,2021
216,In-Office,20.0,5.0,2021
217,Hybrid,0.0,5.0,2021
218,In-Office,20.0,4.0,2021
219,Hybrid,50.0,4.0,2021
220,Hybrid,30.0,4.0,2021
221,Hybrid,50.0,5.0,2021
222,In-Office,0.0,2.0,2021
223,In-Office,40.0,2.0,2021
224,Remote,0.0,4.0,2021
225,In-Office,30.0,5.0,2021
226,Remote,0.0,4.0,2021
227,Hybrid,0.0,4.0,2021
228,Hybrid,50.0,2.0,2021
229,Hybrid,20.0,4.0,2021
230,In-Office,30.0,5.0,2021
231,In-Office,50.0,3.0,2021
232,Remote,0.0,5.0,2021
233,Remote,-40.0,5.0,2021
234,Remote,50.0,5.0,2021
235,Hybrid,30.0,5.0,2021
236,Remote,20.0,4.0,2021
237,Hybrid,10.0,3.0,2021
238,Hybrid,0.0,4.0,2021
239,In-Office,10.0,2.0,2021
240,Hybrid,30.0,3.0,2021
241,Hybrid,30.0,4.0,2021
242,In-Office,50.0,2.0,2021
243,Hybrid,30.0,4.0,2021
244,In-Office,50.0,1.0,2021
245,Hybrid,0.0,4.0,2021
246,Hybrid,30.0,4.0,2021
247,Hybrid,-20.0,2.0,2021
248,In-Office,0.0,4.0,2021
249,Hybrid,20.0,4.0,2021
250,Hybrid,-10.0,5.0,2021
251,Hybrid,0.0,4.0,2021
252,Remote,0.0,5.0,2021
253,Remote,50.0,5.0,2021
254,In-Office,0.0,5.0,2021
255,Remote,0.0,3.0,2021
256,Remote,20.0,4.0,2021
257,In-Office,20.0,4.0,2021
258,Remote,40.0,4.0,2021
259,Hybrid,50.0,4.0,2021
260,Hybrid,0.0,5.0,2021
261,Hybrid,-20.0,4.0,2021
262,Hybrid,50.0,4.0,2021
263,In-Office,-30.0,3.0,2021
264,Remote,-10.0,2.0,2021
265,In-Office,10.0,4.0,2021
266,Hybrid,10.0,4.0,2021
267,Hybrid,50.0,5.0,2021
268,Hybrid,50.0,4.0,2021
269,In-Office,0.0,3.0,2021
270,In-Office,30.0,4.0,2021
271,Hybrid,-30.0,2.0,2021
272,Hybrid,20.0,5.0,2021
273,In-Office,-30.0,4.0,2021
274,In-Office,0.0,4.0,2021
275,Remote,20.0,5.0,2021
276,Remote,50.0,5.0,2021
277,Remote,40.0,5.0,2021
278,Remote,30.0,2.0,2021
279,Remote,0.0,5.0,2021
280,In-Office,0.0,1.0,2021
281,Hybrid,30.0,4.0,2021
282,Remote,0.0,5.0,2021
283,In-Office,20.0,5.0,2021
284,Hybrid,0.0,2.0,2021
285,In-Office,-30.0,4.0,2021
286,In-Office,-10.0,2.0,2021
287,In-Office,50.0,4.0,2021
288,Remote,30.0,4.0,2021
289,In-Office,30.0,4.0,2021
290,In-Office,0.0,4.0,2021
291,Remote,-10.0,5.0,2021
292,Remote,50.0,5.0,2021
293,Remote,,1.0,2021
294,Remote,20.0,4.0,2021
295,Remote,30.0,5.0,2021
296,Hybrid,20.0,4.0,2021
297,Remote,0.0,5.0,2021
298,Hybrid,20.0,5.0,2021
299,Remote,20.0,4.0,2021
300,Hybrid,-40.0,4.0,2021
301,In-Office,30.0,5.0,2021
302,Remote,30.0,5.0,2021
303,In-Office,0.0,2.0,2021
304,In-Office,20.0,2.0,2021
305,Remote,-10.0,3.0,2021
306,Remote,40.0,5.0,2021
307,In-Office,20.0,4.0,2021
308,In-Office,30.0,3.0,2021
309,Hybrid,0.0,2.0,2021
310,Hybrid,0.0,3.0,2021
311,In-Office,-20.0,2.0,2021
312,Hybrid,-20.0,2.0,2021
313,Hybrid,30.0,5.0,2021
314,In-Office,20.0,1.0,2021
315,Remote,10.0,5.0,2021
316,In-Office,-30.0,1.0,2021
317,Hybrid,40.0,4.0,2021
318,Remote,20.0,4.0,2021
319,In-Office,0.0,4.0,2021
320,In-Office,30.0,5.0,2021
321,Hybrid,10.0,4.0,2021
322,In-Office,20.0,5.0,2021
323,In-Office,20.0,4.0,2021
324,In-Office,30.0,5.0,2021
325,In-Office,20.0,5.0,2021
326,In-Office,40.0,4.0,2021
327,Hybrid,30.0,4.0,2021
328,In-Office,10.0,4.0,2021
329,Remote,0.0,5.0,2021
330,In-Office,30.0,4.0,2021
331,In-Office,10.0,4.0,2021
332,Remote,50.0,1.0,2021
333,In-Office,-40.0,4.0,2021
334,In-Office,40.0,4.0,2021
335,In-Office,30.0,4.0,2021
336,Hybrid,10.0,4.0,2021
337,In-Office,-10.0,3.0,2021
338,Hybrid,30.0,2.0,2021
339,Remote,30.0,5.0,2021
340,Remote,50.0,5.0,2021
341,In-Office,10.0,4.0,2021
342,Hybrid,30.0,5.0,2021
343,Hybrid,0.0,4.0,2021
344,Remote,10.0,4.0,2021
345,Hybrid,50.0,4.0,2021
346,Hybrid,30.0,4.0,2021
347,Hybrid,30.0,3.0,2021
348,Hybrid,10.0,3.0,2021
349,Hybrid,30.0,5.0,2021
350,Remote,50.0,5.0,2021
351,In-Office,10.0,4.0,2021
352,Hybrid,-10.0,3.0,2021
353,Remote,50.0,5.0,2021
354,In-Office,0.0,4.0,2021
355,Remote,50.0,5.0,2021
356,In-Office,20.0,4.0,2021
357,Hybrid,40.0,4.0,2021
358,In-Office,30.0,2.0,2021
359,Remote,0.0,5.0,2021
360,In-Office,0.0,2.0,2021
361,In-Office,40.0,4.0,2021
362,Hybrid,30.0,4.0,2021
363,In-Office,0.0,3.0,2021
364,Remote,20.0,4.0,2021
365,In-Office,-20.0,4.0,2021
366,Remote,,4.0,2021
367,Hybrid,40.0,5.0,2021
368,Remote,0.0,1.0,2021
369,Remote,0.0,4.0,2021
370,Hybrid,20.0,2.0,2021
371,In-Office,10.0,4.0,2021
372,Remote,10.0,4.0,2021
373,Hybrid,-10.0,4.0,2021
374,Remote,50.0,4.0,2021
375,Remote,-10.0,3.0,2021
376,In-Office,30.0,2.0,2021
377,Remote,20.0,5.0,2021
378,Hybrid,-30.0,3.0,2021
379,Remote,10.0,5.0,2021
380,Hybrid,20.0,2.0,2021
381,In-Office,50.0,5.0,2021
382,Remote,40.0,5.0,2021
383,Hybrid,10.0,4.0,2021
384,Remote,20.0,3.0,2021
385,In-Office,50.0,5.0,2021
386,In-Office,10.0,3.0,2021
387,Hybrid,30.0,4.0,2021
388,In-Office,10.0,5.0,2021
389,Hybrid,50.0,5.0,2021
390,Hybrid,20.0,4.0,2021
391,Hybrid,-30.0,3.0,2021
392,Remote,0.0,3.0,2021
393,Remote,0.0,2.0,2021
394,Hybrid,20.0,3.0,2021
395,Hybrid,20.0,3.0,2021
396,Hybrid,0.0,2.0,2021
397,Hybrid,20.0,4.0,2021
398,Hybrid,40.0,4.0,2021
399,Remote,50.0,5.0,2021
400,In-Office,20.0,4.0,2021
401,Hybrid,40.0,3.0,2021
402,Remote,50.0,5.0,2021
403,Remote,0.0,4.0,2021
404,Remote,0.0,5.0,2021
405,Hybrid,30.0,5.0,2021
406,Remote,30.0,2.0,2021
407,Hybrid,50.0,2.0,2021
408,Hybrid,30.0,3.0,2021
409,Remote,20.0,4.0,2021
410,Hybrid,30.0,4.0,2021
411,In-Office,20.0,5.0,2021
412,In-Office,20.0,5.0,2021
413,In-Office,50.0,1.0,2021
414,Hybrid,10.0,4.0,2021
415,Hybrid,10.0,2.0,2021
416,In-Office,30.0,4.0,2021
417,Remote,40.0,3.0,2021
418,In-Office,-20.0,2.0,2021
419,Remote,20.0,4.0,2021
420,Remote,50.0,3.0,2021
421,Hybrid,40.0,4.0,2021
422,Remote,0.0,4.0,2021
423,Hybrid,50.0,4.0,2021
424,In-Office,-30.0,1.0,2021
425,In-Office,10.0,4.0,2021
426,Hybrid,10.0,4.0,2021
427,Hybrid,0.0,3.0,2021
428,Remote,0.0,4.0,2021
429,In-Office,10.0,1.0,2021
430,Remote,50.0,5.0,2021
431,Hybrid,50.0,5.0,2021
432,Hybrid,40.0,5.0,2021
433,Remote,20.0,3.0,2021
434,Hybrid,40.0,4.0,2021
435,In-Office,-20.0,4.0,2021
436,Remote,30.0,5.0,2021
437,Hybrid,20.0,3.0,2021
438,Hybrid,50.0,5.0,2021
439,Hybrid,30.0,3.0,2021
440,In-Office,-20.0,2.0,2021
441,Remote,50.0,3.0,2021
442,Hybrid,50.0,5.0,2021
443,Remote,20.0,3.0,2021
444,Hybrid,10.0,2.0,2021
445,In-Office,-10.0,2.0,2021
446,Remote,20.0,4.0,2021
447,In-Office,0.0,4.0,2021
448,Hybrid,10.0,4.0,2021
449,In-Office,50.0,5.0,2021
450,In-Office,50.0,5.0,2021
451,In-Office,0.0,3.0,2021
452,In-Office,-10.0,3.0,2021
453,In-Office,30.0,1.0,2021
454,In-Office,30.0,4.0,2021
455,Remote,0.0,4.0,2021
456,Remote,30.0,5.0,2021
457,In-Office,0.0,3.0,2021
458,In-Office,20.0,4.0,2021
459,In-Office,0.0,5.0,2021
460,Remote,0.0,3.0,2021
461,In-Office,0.0,5.0,2021
462,In-Office,0.0,3.0,2021
463,In-Office,-20.0,4.0,2021
464,In-Office,40.0,2.0,2021
465,In-Office,30.0,1.0,2021
466,Hybrid,0.0,4.0,2021
467,Remote,50.0,4.0,2021
468,Remote,0.0,3.0,2021
469,Remote,20.0,5.0,2021
470,Hybrid,0.0,4.0,2021
471,Hybrid,20.0,2.0,2021
472,Remote,50.0,5.0,2021
473,Hybrid,40.0,4.0,2021
474,In-Office,0.0,1.0,2021
475,Hybrid,30.0,5.0,2021
476,Hybrid,30.0,2.0,2021
477,Hybrid,50.0,2.0,2021
478,Remote,40.0,5.0,2021
479,Hybrid,20.0,5.0,2021
480,Remote,0.0,4.0,2021
481,In-Office,0.0,4.0,2021
482,Hybrid,30.0,4.0,2021
483,Hybrid,-10.0,4.0,2021
484,Hybrid,0.0,3.0,2021
485,Remote,30.0,5.0,2021
486,Remote,0.0,5.0,2021
487,Remote,30.0,5.0,2021
488,Hybrid,10.0,3.0,2021
489,In-Office,50.0,4.0,2021
490,In-Office,-20.0,3.0,2021
491,Remote,0.0,5.0,2021
492,In-Office,,3.0,2021
493,Hybrid,20.0,4.0,2021
494,Remote,50.0,3.0,2021
495,Hybrid,30.0,2.0,2021
496,In-Office,0.0,2.0,2021
497,In-Office,30.0,4.0,2021
498,In-Office,0.0,4.0,2021
499,Remote,30.0,4.0,2021
500,In-Office,30.0,4.0,2021
501,In-Office,0.0,5.0,2021
502,Remote,0.0,5.0,2021
503,In-Office,30.0,4.0,2021
504,Hybrid,0.0,2.0,2021
505,Hybrid,50.0,3.0,2021
506,In-Office,-20.0,4.0,2021
507,Remote,20.0,4.0,2021
508,Hybrid,30.0,3.0,2021
509,Hybrid,20.0,4.0,2021
510,Hybrid,-30.0,1.0,2021
511,Hybrid,0.0,3.0,2021
512,Hybrid,40.0,4.0,2021
513,Hybrid,40.0,4.0,2021
514,Remote,50.0,5.0,2021
515,In-Office,20.0,4.0,2021
516,Remote,30.0,5.0,2021
517,Remote,30.0,5.0,2021
518,Hybrid,20.0,4.0,2021
519,In-Office,50.0,5.0,2021
520,Remote,20.0,4.0,2021
521,Remote,20.0,4.0,2021
522,Hybrid,30.0,4.0,2021
523,Hybrid,30.0,3.0,2021
524,Remote,0.0,5.0,2021
525,Hybrid,50.0,2.0,2021
526,In-Office,20.0,5.0,2021
527,In-Office,50.0,4.0,2021
528,In-Office,0.0,2.0,2021
529,In-Office,50.0,4.0,2021
530,Remote,50.0,5.0,2021
531,In-Office,30.0,1.0,2021
532,Remote,20.0,4.0,2021
533,In-Office,30.0,5.0,2021
534,In-Office,30.0,3.0,2021
535,Hybrid,40.0,4.0,2021
536,Remote,40.0,5.0,2021
537,In-Office,50.0,5.0,2021
538,In-Office,10.0,4.0,2021
539,Hybrid,-20.0,4.0,2021
540,Remote,0.0,4.0,2021
541,Hybrid,0.0,4.0,2021
542,Hybrid,50.0,4.0,2021
543,In-Office,-20.0,4.0,2021
544,Remote,0.0,5.0,2021
545,Remote,40.0,4.0,2021
546,Hybrid,30.0,3.0,2021
547,Hybrid,50.0,4.0,2021
548,Hybrid,40.0,4.0,2021
549,Remote,50.0,4.0,2021
550,In-Office,10.0,4.0,2021
551,Remote,50.0,5.0,2021
552,In-Office,-30.0,2.0,2021
553,Hybrid,40.0,3.0,2021
554,Remote,30.0,5.0,2021
555,Hybrid,30.0,5.0,2021
556,Hybrid,50.0,4.0,2021
557,In-Office,-10.0,3.0,2021
558,In-Office,0.0,4.0,2021
559,Remote,50.0,5.0,2021
560,Hybrid,30.0,4.0,2021
561,Remote,-10.0,4.0,2021
562,Hybrid,40.0,4.0,2021
563,Hybrid,20.0,4.0,2021
564,Hybrid,0.0,4.0,2021
565,In-Office,30.0,5.0,2021
566,Hybrid,40.0,4.0,2021
567,Remote,30.0,4.0,2021
568,Hybrid,20.0,4.0,2021
569,Remote,50.0,5.0,2021
570,In-Office,-10.0,2.0,2021
571,In-Office,0.0,5.0,2021
572,Hybrid,-10.0,3.0,2021
573,Remote,30.0,4.0,2021
574,Hybrid,0.0,1.0,2021
575,Hybrid,20.0,4.0,2021
576,In-Office,20.0,2.0,2021
577,In-Office,30.0,4.0,2021
578,In-Office,50.0,5.0,2021
579,In-Office,-10.0,4.0,2021
580,In-Office,0.0,4.0,2021
581,Hybrid,40.0,4.0,2021
582,Remote,20.0,5.0,2021
583,In-Office,0.0,2.0,2021
584,Hybrid,-30.0,1.0,2021
585,Remote,50.0,5.0,2021
586,In-Office,0.0,4.0,2021
587,In-Office,10.0,4.0,2021
588,Remote,0.0,4.0,2021
589,Hybrid,0.0,2.0,2021
590,In-Office,10.0,5.0,2021
591,In-Office,30.0,4.0,2021
592,Remote,30.0,5.0,2021
593,Hybrid,-20.0,5.0,2021
594,Hybrid,20.0,4.0,2021
595,In-Office,40.0,4.0,2021
596,In-Office,50.0,5.0,2021
597,In-Office,50.0,3.0,2021
598,Remote,50.0,5.0,2021
599,In-Office,20.0,3.0,2021
600,Hybrid,10.0,3.0,2021
601,Remote,0.0,1.0,2021
602,Remote,0.0,4.0,2021
603,Remote,-10.0,4.0,2021
604,Hybrid,40.0,3.0,2021
605,Hybrid,50.0,3.0,2021
606,Hybrid,,3.0,2021
607,In-Office,0.0,4.0,2021
608,In-Office,0.0,2.0,2021
609,In-Office,30.0,5.0,2021
610,Hybrid,20.0,3.0,2021
611,In-Office,30.0,4.0,2021
612,In-Office,50.0,5.0,2021
613,Hybrid,30.0,3.0,2021
614,Hybrid,20.0,5.0,2021
615,Remote,40.0,4.0,2021
616,In-Office,-10.0,2.0,2021
617,In-Office,0.0,4.0,2021
618,Remote,20.0,5.0,2021
619,In-Office,,3.0,2021
620,Hybrid,0.0,3.0,2021
621,In-Office,-10.0,5.0,2021
622,Remote,0.0,5.0,2021
623,Remote,50.0,4.0,2021
624,Hybrid,30.0,4.0,2021
625,Hybrid,30.0,4.0,2021
626,In-Office,20.0,2.0,2021
627,Hybrid,40.0,5.0,2021
628,Hybrid,-30.0,2.0,2021
629,Remote,10.0,5.0,2021
630,In-Office,-20.0,2.0,2021
631,In-Office,20.0,2.0,2021
632,Hybrid,40.0,4.0,2021
633,Remote,30.0,4.0,2021
634,Hybrid,40.0,5.0,2021
635,Hybrid,30.0,3.0,2021
636,Hybrid,0.0,5.0,2021
637,Hybrid,40.0,4.0,2021
638,Hybrid,,2.0,2021
639,In-Office,50.0,5.0,2021
640,Remote,20.0,4.0,2021
641,In-Office,20.0,4.0,2021
642,In-Office,20.0,4.0,2021
643,Remote,0.0,2.0,2021
644,In-Office,30.0,3.0,2021
645,Remote,30.0,5.0,2021
646,Hybrid,30.0,2.0,2021
647,Hybrid,20.0,5.0,2021
648,Remote,0.0,4.0,2021
649,Hybrid,40.0,5.0,2021
650,Hybrid,10.0,5.0,2021
651,Hybrid,30.0,2.0,2021
652,Remote,-30.0,4.0,2021
653,Hybrid,30.0,3.0,2021
654,Remote,50.0,4.0,2021
655,Remote,40.0,5.0,2021
656,Remote,30.0,5.0,2021
657,In-Office,50.0,5.0,2021
658,In-Office,0.0,5.0,2021
659,In-Office,20.0,4.0,2021
660,In-Office,30.0,2.0,2021
661,Remote,30.0,5.0,2021
662,Hybrid,40.0,4.0,2021
663,In-Office,0.0,2.0,2021
664,Remote,20.0,5.0,2021
665,In-Office,0.0,4.0,2021
666,Hybrid,0.0,4.0,2021
667,Hybrid,40.0,4.0,2021
668,Remote,30.0,4.0,2021
669,Remote,20.0,5.0,2021
670,Hybrid,-30.0,3.0,2021
671,Remote,10.0,4.0,2021
672,In-Office,50.0,4.0,2021
673,Hybrid,20.0,3.0,2021
674,Remote,0.0,3.0,2021
675,Remote,30.0,5.0,2021
676,In-Office,,1.0,2021
677,Remote,40.0,4.0,2021
678,In-Office,0.0,4.0,2021
679,Hybrid,0.0,4.0,2021
680,In-Office,0.0,4.0,2021
681,Hybrid,-20.0,2.0,2021
682,Remote,-20.0,2.0,2021
683,Hybrid,0.0,4.0,2021
684,Hybrid,20.0,4.0,2021
685,Hybrid,0.0,4.0,2021
686,Hybrid,0.0,4.0,2021
687,Remote,20.0,2.0,2021
688,Remote,50.0,5.0,2021
689,In-Office,30.0,3.0,2021
690,Remote,0.0,5.0,2021
691,In-Office,20.0,3.0,2021
692,Hybrid,0.0,3.0,2021
693,Remote,40.0,3.0,2021
694,Remote,20.0,4.0,2021
695,Remote,30.0,3.0,2021
696,In-Office,0.0,4.0,2021
697,In-Office,-20.0,3.0,2021
698,Hybrid,-30.0,2.0,2021
699,In-Office,-10.0,4.0,2021
700,In-Office,-30.0,5.0,2021
701,Hybrid,0.0,2.0,2021
702,Remote,0.0,5.0,2021
703,In-Office,30.0,1.0,2021
704,In-Office,0.0,4.0,2021
705,Hybrid,50.0,5.0,2021
706,In-Office,,2.0,2021
707,Remote,-20.0,5.0,2021
708,In-Office,30.0,3.0,2021
709,Hybrid,20.0,5.0,2021
710,Remote,-40.0,3.0,2021
711,In-Office,50.0,4.0,2021
712,Remote,40.0,5.0,2021
713,Remote,20.0,4.0,2021
714,Remote,20.0,4.0,2021
715,Remote,0.0,5.0,2021
716,Remote,-10.0,2.0,2021
717,Hybrid,20.0,2.0,2021
718,Hybrid,10.0,4.0,2021
719,Remote,50.0,5.0,2021
720,Hybrid,20.0,3.0,2021
721,Remote,0.0,5.0,2021
722,In-Office,50.0,5.0,2021
723,In-Office,30.0,3.0,2021
724,In-Office,0.0,2.0,2021
725,Hybrid,0.0,3.0,2021
726,Hybrid,0.0,4.0,2021
727,In-Office,20.0,3.0,2021
728,In-Office,50.0,4.0,2021
729,In-Office,20.0,2.0,2021
730,In-Office,0.0,4.0,2021
731,In-Office,10.0,4.0,2021
732,Remote,20.0,5.0,2021
733,In-Office,10.0,4.0,2021
734,Hybrid,20.0,4.0,2021
735,Remote,30.0,4.0,2021
736,In-Office,0.0,1.0,2021
737,Hybrid,20.0,3.0,2021
738,Remote,0.0,4.0,2021
739,Hybrid,30.0,4.0,2021
740,In-Office,10.0,5.0,2021
741,In-Office,0.0,5.0,2021
742,In-Office,-20.0,4.0,2021
743,In-Office,0.0,4.0,2021
744,Hybrid,-10.0,3.0,2021
745,Hybrid,40.0,3.0,2021
746,In-Office,0.0,4.0,2021
747,Hybrid,0.0,4.0,2021
748,Remote,20.0,5.0,2021
749,Hybrid,-10.0,3.0,2021
750,In-Office,0.0,5.0,2021
751,In-Office,0.0,2.0,2021
752,Remote,50.0,5.0,2021
753,In-Office,10.0,5.0,2021
754,In-Office,50.0,2.0,2021
755,Hybrid,0.0,3.0,2021
756,Remote,50.0,5.0,2021
757,Hybrid,0.0,4.0,2021
758,Hybrid,50.0,4.0,2021
759,In-Office,50.0,1.0,2021
760,In-Office,-10.0,4.0,2021
761,Remote,50.0,5.0,2021
762,Hybrid,-10.0,4.0,2021
763,Remote,0.0,4.0,2021
764,Hybrid,30.0,3.0,2021
765,In-Office,0.0,3.0,2021
766,Remote,30.0,5.0,2021
767,Hybrid,20.0,4.0,2021
768,Hybrid,50.0,5.0,2021
769,Hybrid,0.0,3.0,2021
770,Hybrid,-20.0,3.0,2021
771,Remote,0.0,5.0,2021
772,Hybrid,30.0,4.0,2021
773,In-Office,0.0,3.0,2021
774,Hybrid,-30.0,2.0,2021
775,Hybrid,20.0,4.0,2021
776,Hybrid,50.0,2.0,2021
777,Remote,0.0,4.0,2021
778,Hybrid,40.0,3.0,2021
779,In-Office,30.0,4.0,2021
780,In-Office,-20.0,2.0,2021
781,Hybrid,30.0,4.0,2021
782,Remote,30.0,5.0,2021
783,In-Office,-10.0,4.0,2021
784,Hybrid,20.0,4.0,2021
785,Hybrid,40.0,4.0,2021
786,In-Office,-40.0,1.0,2021
787,Remote,50.0,5.0,2021
788,Hybrid,0.0,3.0,2021
789,Remote,40.0,4.0,2021
790,Hybrid,50.0,5.0,2021
791,Hybrid,20.0,5.0,2021
792,In-Office,30.0,2.0,2021
793,In-Office,0.0,3.0,2021
794,Remote,-40.0,2.0,2021
795,Hybrid,0.0,3.0,2021
796,Remote,0.0,5.0,2021
797,Hybrid,20.0,5.0,2021
798,Remote,,4.0,2021
799,Remote,0.0,4.0,2021
800,Hybrid,50.0,4.0,2021
801,Remote,50.0,5.0,2021
802,Hybrid,0.0,4.0,2021
803,Remote,50.0,5.0,2021
804,In-Office,,1.0,2021
805,Hybrid,20.0,4.0,2021
806,In-Office,20.0,4.0,2021
807,Hybrid,50.0,5.0,2021
808,Hybrid,-20.0,2.0,2021
809,Hybrid,20.0,3.0,2021
810,Hybrid,50.0,5.0,2021
811,Hybrid,50.0,3.0,2021
812,In-Office,,5.0,2021
813,Remote,40.0,5.0,2021
814,Hybrid,10.0,4.0,2021
815,Hybrid,20.0,4.0,2021
816,Hybrid,30.0,1.0,2021
817,In-Office,30.0,2.0,2021
818,Remote,0.0,5.0,2021
819,Hybrid,-10.0,4.0,2021
820,In-Office,0.0,5.0,2021
821,Hybrid,0.0,5.0,2021
822,In-Office,20.0,2.0,2021
823,Hybrid,30.0,5.0,2021
824,Remote,10.0,3.0,2021
825,In-Office,-20.0,2.0,2021
826,Remote,30.0,5.0,2021
827,Hybrid,40.0,4.0,2021
828,Remote,50.0,5.0,2021
829,Remote,10.0,4.0,2021
830,Remote,50.0,5.0,2021
831,In-Office,-20.0,5.0,2021
832,Remote,0.0,2.0,2021
833,Remote,20.0,5.0,2021
834,Remote,50.0,4.0,2021
835,Hybrid,0.0,3.0,2021
836,In-Office,20.0,5.0,2021
837,Hybrid,50.0,5.0,2021
838,Remote,10.0,3.0,2021
839,In-Office,0.0,5.0,2021
840,Remote,30.0,5.0,2021
841,In-Office,20.0,4.0,2021
842,In-Office,-10.0,4.0,2021
843,Hybrid,50.0,4.0,2021
844,In-Office,0.0,2.0,2021
845,Hybrid,30.0,5.0,2021
846,Hybrid,-30.0,5.0,2021
847,In-Office,40.0,5.0,2021
848,Remote,0.0,4.0,2021
849,Hybrid,20.0,4.0,2021
850,In-Office,10.0,4.0,2021
851,Hybrid,20.0,1.0,2021
852,In-Office,50.0,4.0,2021
853,In-Office,50.0,4.0,2021
854,Hybrid,-20.0,4.0,2021
855,In-Office,-20.0,4.0,2021
856,Hybrid,40.0,4.0,2021
857,In-Office,50.0,3.0,2021
858,In-Office,40.0,4.0,2021
859,In-Office,-20.0,2.0,2021
860,In-Office,0.0,4.0,2021
861,In-Office,0.0,2.0,2021
862,Hybrid,50.0,5.0,2021
863,Hybrid,-20.0,4.0,2021
864,Remote,50.0,4.0,2021
865,Hybrid,30.0,5.0,2021
866,Remote,-10.0,5.0,2021
867,In-Office,50.0,5.0,2021
868,In-Office,30.0,5.0,2021
869,Remote,30.0,5.0,2021
870,In-Office,0.0,3.0,2021
871,Remote,20.0,5.0,2021
872,In-Office,0.0,4.0,2021
873,Remote,0.0,4.0,2021
874,Remote,0.0,5.0,2021
875,In-Office,-20.0,3.0,2021
876,Remote,-20.0,5.0,2021
877,Hybrid,10.0,4.0,2021
878,In-Office,0.0,4.0,2021
879,Hybrid,40.0,2.0,2021
880,Hybrid,10.0,5.0,2021
881,Remote,20.0,5.0,2021
882,Remote,0.0,4.0,2021
883,Remote,50.0,5.0,2021
884,Hybrid,50.0,3.0,2021
885,In-Office,0.0,3.0,2021
886,Remote,0.0,5.0,2021
887,Hybrid,0.0,4.0,2021
888,Remote,-20.0,3.0,2021
889,Remote,-30.0,4.0,2021
890,Remote,0.0,4.0,2021
891,In-Office,30.0,5.0,2021
892,In-Office,10.0,2.0,2021
893,Remote,50.0,5.0,2021
894,Hybrid,50.0,5.0,2021
895,Remote,50.0,4.0,2021
896,In-Office,0.0,1.0,2021
897,Hybrid,10.0,5.0,2021
898,In-Office,10.0,3.0,2021
899,In-Office,40.0,1.0,2021
900,Remote,0.0,5.0,2021
901,Hybrid,-10.0,3.0,2021
902,Remote,40.0,5.0,2021
903,In-Office,40.0,4.0,2021
904,Hybrid,20.0,2.0,2021
905,Remote,20.0,5.0,2021
906,Remote,50.0,5.0,2021
907,Hybrid,50.0,5.0,2021
908,Remote,0.0,5.0,2021
909,Hybrid,10.0,3.0,2021
910,Remote,0.0,5.0,2021
911,Remote,50.0,4.0,2021
912,Hybrid,50.0,1.0,2021
913,Remote,0.0,3.0,2021
914,In-Office,30.0,4.0,2021
915,Remote,30.0,5.0,2021
916,Hybrid,20.0,2.0,2021
917,Remote,50.0,5.0,2021
918,In-Office,10.0,5.0,2021
919,Hybrid,0.0,4.0,2021
920,In-Office,50.0,4.0,2021
921,Hybrid,0.0,4.0,2021
922,Remote,0.0,3.0,2021
923,In-Office,0.0,4.0,2021
924,In-Office,0.0,2.0,2021
925,In-Office,0.0,2.0,2021
926,Remote,-10.0,4.0,2021
927,Hybrid,50.0,4.0,2021
928,Hybrid,0.0,2.0,2021
929,Hybrid,0.0,2.0,2021
930,Hybrid,0.0,4.0,2021
931,Remote,0.0,5.0,2021
932,In-Office,,4.0,2021
933,Hybrid,10.0,3.0,2021
934,In-Office,-20.0,3.0,2021
935,Hybrid,0.0,5.0,2021
936,Remote,20.0,5.0,2021
937,In-Office,50.0,5.0,2021
938,Remote,0.0,5.0,2021
939,In-Office,0.0,5.0,2021
940,Remote,30.0,4.0,2021
941,Remote,50.0,5.0,2021
942,In-Office,30.0,3.0,2021
943,Hybrid,50.0,2.0,2021
944,Remote,30.0,4.0,2021
945,Remote,-10.0,4.0,2021
946,Remote,20.0,3.0,2021
947,Remote,50.0,4.0,2021
948,Hybrid,-20.0,2.0,2021
949,In-Office,0.0,4.0,2021
950,Remote,0.0,3.0,2021
951,Remote,50.0,3.0,2021
952,In-Office,10.0,4.0,2021
953,In-Office,50.0,4.0,2021
954,Remote,0.0,4.0,2021
955,Hybrid,30.0,1.0,2021
956,Hybrid,10.0,4.0,2021
957,Hybrid,0.0,4.0,2021
958,In-Office,-10.0,3.0,2021
959,In-Office,50.0,4.0,2021
960,Remote,50.0,5.0,2021
961,Remote,40.0,3.0,2021
962,In-Office,50.0,2.0,2021
963,Hybrid,50.0,4.0,2021
964,Hybrid,50.0,2.0,2021
965,Hybrid,40.0,5.0,2021
966,Remote,40.0,4.0,2021
967,Remote,50.0,4.0,2021
968,Remote,50.0,4.0,2021
969,In-Office,10.0,4.0,2021
970,In-Office,20.0,4.0,2021
971,Hybrid,20.0,3.0,2021
972,Hybrid,20.0,5.0,2021
973,In-Office,30.0,4.0,2021
974,Hybrid,,5.0,2021
975,Remote,40.0,4.0,2021
976,In-Office,20.0,4.0,2021
977,Remote,40.0,4.0,2021
978,In-Office,0.0,5.0,2021
979,In-Office,-30.0,3.0,2021
980,Remote,0.0,3.0,2021
981,Hybrid,50.0,4.0,2021
982,Remote,30.0,4.0,2021
983,Hybrid,0.0,2.0,2021
984,Hybrid,20.0,3.0,2021
985,In-Office,-10.0,1.0,2021
986,Remote,20.0,5.0,2021
987,Remote,50.0,4.0,2021
988,Hybrid,-30.0,2.0,2021
989,Hybrid,30.0,3.0,2021
990,Remote,50.0,4.0,2021
991,Remote,20.0,4.0,2021
992,In-Office,0.0,3.0,2021
993,Hybrid,0.0,3.0,2021
994,Remote,-10.0,2.0,2021
995,In-Office,50.0,2.0,2021
996,In-Office,20.0,1.0,2021
997,Hybrid,10.0,4.0,2021
998,In-Office,0.0,5.0,2021
999,Hybrid,0.0,3.0,2021
1000,In-Office,30.0,2.0,2021
1001,Hybrid,0.0,4.0,2021
1002,Remote,30.0,5.0,2021
1003,Hybrid,0.0,4.0,2021
1004,Remote,50.0,5.0,2021
1005,In-Office,0.0,2.0,2021
1006,Hybrid,0.0,5.0,2021
1007,In-Office,50.0,3.0,2021
1008,Hybrid,50.0,3.0,2021
1009,Remote,50.0,5.0,2021
1010,In-Office,20.0,5.0,2021
1011,Remote,50.0,4.0,2021
1012,Hybrid,40.0,3.0,2021
1013,Remote,20.0,5.0,2021
1014,In-Office,,3.0,2021
1015,Remote,20.0,4.0,2021
1016,Hybrid,-20.0,2.0,2021
1017,Remote,30.0,3.0,2021
1018,Hybrid,10.0,3.0,2021
1019,Hybrid,-10.0,5.0,2021
1020,In-Office,20.0,3.0,2021
1021,Hybrid,0.0,4.0,2021
1022,Hybrid,-20.0,4.0,2021
1023,In-Office,-20.0,2.0,2021
1024,Hybrid,20.0,3.0,2021
1025,Hybrid,20.0,5.0,2021
1026,Remote,-30.0,4.0,2021
1027,In-Office,0.0,5.0,2021
1028,Remote,20.0,5.0,2021
1029,In-Office,0.0,3.0,2021
1030,In-Office,30.0,4.0,2021
1031,Remote,50.0,5.0,2021
1032,Remote,50.0,5.0,2021
1033,Remote,30.0,4.0,2021
1034,In-Office,-30.0,3.0,2021
1035,Remote,10.0,4.0,2021
1036,In-Office,20.0,2.0,2021
1037,Remote,50.0,4.0,2021
1038,Remote,20.0,5.0,2021
1039,In-Office,,1.0,2021
1040,In-Office,0.0,2.0,2021
1041,Hybrid,30.0,4.0,2021
1042,Hybrid,20.0,4.0,2021
1043,Remote,-10.0,5.0,2021
1044,In-Office,10.0,2.0,2021
1045,Remote,50.0,5.0,2021
1046,Remote,40.0,5.0,2021
1047,Remote,0.0,2.0,2021
1048,Hybrid,50.0,5.0,2021
1049,In-Office,30.0,4.0,2021
1050,Hybrid,0.0,4.0,2021
1051,In-Office,20.0,4.0,2021
1052,Hybrid,50.0,5.0,2021
1053,Hybrid,50.0,4.0,2021
1054,Hybrid,10.0,4.0,2021
1055,Hybrid,-30.0,2.0,2021
1056,Hybrid,50.0,4.0,2021
1057,Remote,30.0,5.0,2021
1058,In-Office,20.0,3.0,2021
1059,Hybrid,20.0,3.0,2021
1060,Hybrid,30.0,3.0,2021
1061,Hybrid,10.0,4.0,2021
1062,Remote,50.0,5.0,2021
1063,Hybrid,20.0,4.0,2021
1064,In-Office,50.0,3.0,2021
1065,In-Office,-20.0,3.0,2021
1066,In-Office,20.0,5.0,2021
1067,In-Office,20.0,4.0,2021
1068,In-Office,20.0,4.0,2021
1069,Hybrid,10.0,5.0,2021
1070,Hybrid,30.0,4.0,2021
1071,Hybrid,50.0,5.0,2021
1072,Hybrid,10.0,3.0,2021
1073,In-Office,10.0,2.0,2021
1074,Remote,20.0,5.0,2021
1075,In-Office,0.0,3.0,2021
1076,In-Office,50.0,5.0,2021
1077,Hybrid,30.0,3.0,2021
1078,Remote,40.0,4.0,2021
1079,Hybrid,0.0,3.0,2021
1080,Remote,-10.0,4.0,2021
1081,Remote,0.0,4.0,2021
1082,Remote,20.0,5.0,2021
1083,Hybrid,50.0,4.0,2021
1084,In-Office,-30.0,4.0,2021
1085,In-Office,-30.0,3.0,2021
1086,Hybrid,50.0,4.0,2021
1087,Remote,20.0,4.0,2021
1088,Remote,10.0,4.0,2021
1089,In-Office,20.0,5.0,2021
1090,Remote,30.0,5.0,2021
1091,Remote,0.0,2.0,2021
1092,In-Office,0.0,3.0,2021
1093,In-Office,0.0,5.0,2021
1094,Hybrid,50.0,5.0,2021
1095,Remote,50.0,5.0,2021
1096,In-Office,40.0,4.0,2021
1097,In-Office,-20.0,2.0,2021
1098,Remote,50.0,5.0,2021
1099,Hybrid,30.0,2.0,2021
1100,Remote,30.0,5.0,2021
1101,Remote,30.0,4.0,2021
1102,Remote,10.0,5.0,2021
1103,In-Office,50.0,5.0,2021
1104,In-Office,0.0,4.0,2021
1105,In-Office,50.0,3.0,2021
1106,Hybrid,40.0,5.0,2021
1107,Remote,40.0,2.0,2021
1108,Hybrid,-30.0,3.0,2021
1109,In-Office,50.0,5.0,2021
1110,Hybrid,50.0,5.0,2021
1111,In-Office,20.0,4.0,2021
1112,Remote,40.0,2.0,2021
1113,Remote,20.0,5.0,2021
1114,Hybrid,50.0,2.0,2021
1115,In-Office,20.0,3.0,2021
1116,Remote,50.0,4.0,2021
1117,Remote,-30.0,5.0,2021
1118,Hybrid,10.0,4.0,2021
1119,Hybrid,0.0,5.0,2021
1120,Remote,0.0,5.0,2021
1121,Remote,50.0,5.0,2021
1122,Hybrid,30.0,4.0,2021
1123,Hybrid,20.0,4.0,2021
1124,Hybrid,-30.0,4.0,2021
1125,Remote,30.0,5.0,2021
1126,Hybrid,20.0,4.0,2021
1127,In-Office,10.0,5.0,2021
1128,Hybrid,40.0,5.0,2021
1129,Remote,50.0,4.0,2021
1130,In-Office,0.0,4.0,2021
1131,Hybrid,40.0,5.0,2021
1132,In-Office,30.0,4.0,2021
1133,Hybrid,30.0,5.0,2021
1134,Remote,30.0,2.0,2021
1135,Remote,0.0,4.0,2021
1136,Hybrid,30.0,5.0,2021
1137,In-Office,50.0,4.0,2021
1138,Remote,30.0,5.0,2021
1139,In-Office,-20.0,2.0,2021
1140,Remote,0.0,3.0,2021
1141,Remote,40.0,5.0,2021
1142,In-Office,30.0,3.0,2021
1143,Hybrid,10.0,5.0,2021
1144,Hybrid,20.0,3.0,2021
1145,Hybrid,0.0,4.0,2021
1146,In-Office,-10.0,4.0,2021
1147,In-Office,-10.0,2.0,2021
1148,Hybrid,20.0,4.0,2021
1149,Hybrid,0.0,3.0,2021
1150,Hybrid,50.0,5.0,2021
1151,Remote,-20.0,4.0,2021
1152,Remote,40.0,5.0,2021
1153,In-Office,30.0,3.0,2021
1154,Remote,50.0,4.0,2021
1155,Remote,30.0,4.0,2021
1156,Hybrid,50.0,5.0,2021
1157,Hybrid,20.0,5.0,2021
1158,Hybrid,20.0,4.0,2021
1159,Remote,0.0,2.0,2021
1160,Hybrid,0.0,5.0,2021
1161,In-Office,-20.0,3.0,2021
1162,Remote,0.0,4.0,2021
1163,Hybrid,-10.0,3.0,2021
1164,Remote,0.0,5.0,2021
1165,In-Office,-20.0,4.0,2021
1166,Remote,50.0,3.0,2021
1167,Remote,20.0,2.0,2021
1168,In-Office,20.0,4.0,2021
1169,In-Office,50.0,4.0,2021
1170,Hybrid,30.0,4.0,2021
1171,In-Office,30.0,5.0,2021
1172,Hybrid,50.0,3.0,2021
1173,Hybrid,30.0,5.0,2021
1174,Remote,20.0,5.0,2021
1175,Hybrid,-20.0,5.0,2021
1176,Remote,0.0,1.0,2021
1177,In-Office,0.0,4.0,2021
1178,Remote,50.0,4.0,2021
1179,Hybrid,-20.0,1.0,2021
1180,Remote,20.0,4.0,2021
1181,Remote,30.0,4.0,2021
1182,In-Office,-20.0,2.0,2021
1183,Hybrid,50.0,5.0,2021
1184,In-Office,-40.0,4.0,2021
1185,Hybrid,30.0,4.0,2021
1186,In-Office,,2.0,2021
1187,In-Office,10.0,4.0,2021
1188,In-Office,0.0,2.0,2021
1189,In-Office,0.0,3.0,2021
1190,Hybrid,0.0,3.0,2021
1191,In-Office,0.0,4.0,2021
1192,Hybrid,30.0,3.0,2021
1193,Hybrid,20.0,4.0,2021
1194,Remote,50.0,5.0,2021
1195,In-Office,50.0,4.0,2021
1196,Remote,30.0,4.0,2021
1197,Hybrid,30.0,4.0,2021
1198,In-Office,20.0,4.0,2021
1199,Hybrid,0.0,4.0,2021
1200,Hybrid,10.0,4.0,2021
1201,Hybrid,40.0,3.0,2021
1202,In-Office,40.0,4.0,2021
1203,Remote,0.0,5.0,2021
1204,Remote,-20.0,3.0,2021
1205,In-Office,50.0,4.0,2021
1206,In-Office,40.0,2.0,2021
1207,Remote,40.0,5.0,2021
1208,Remote,30.0,5.0,2021
1209,Remote,0.0,4.0,2021
1210,Remote,30.0,4.0,2021
1211,Hybrid,30.0,4.0,2021
1212,Remote,50.0,5.0,2021
1213,Remote,20.0,4.0,2021
1214,In-Office,0.0,1.0,2021
1215,Hybrid,50.0,5.0,2021
1216,Hybrid,30.0,3.0,2021
1217,Remote,30.0,5.0,2021
1218,In-Office,10.0,2.0,2021
1219,In-Office,20.0,4.0,2021
1220,Hybrid,20.0,5.0,2021
1221,In-Office,0.0,4.0,2021
1222,Remote,50.0,5.0,2021
1223,Remote,0.0,5.0,2021
1224,Remote,0.0,5.0,2021
1225,In-Office,10.0,3.0,2021
1226,Remote,50.0,5.0,2021
1227,Hybrid,50.0,5.0,2021
1228,In-Office,0.0,4.0,2021
1229,In-Office,40.0,4.0,2021
1230,In-Office,40.0,4.0,2021
1231,Remote,30.0,3.0,2021
1232,Hybrid,0.0,4.0,2021
1233,Remote,40.0,5.0,2021
1234,Remote,10.0,5.0,2021
1235,In-Office,-20.0,4.0,2021
1236,In-Office,0.0,4.0,2021
1237,In-Office,30.0,4.0,2021
1238,Remote,50.0,5.0,2021
1239,Hybrid,40.0,3.0,2021
1240,In-Office,30.0,3.0,2021
1241,In-Office,0.0,4.0,2021
1242,Remote,0.0,5.0,2021
1243,Hybrid,30.0,4.0,2021
1244,In-Office,0.0,4.0,2021
1245,Remote,50.0,5.0,2021
1246,In-Office,0.0,5.0,2021
1247,In-Office,-20.0,3.0,2021
1248,In-Office,30.0,4.0,2021
1249,Remote,0.0,5.0,2021
1250,Hybrid,-10.0,3.0,2021
1251,In-Office,50.0,5.0,2021
1252,In-Office,30.0,4.0,2021
1253,In-Office,-30.0,2.0,2021
1254,In-Office,-20.0,1.0,2021
1255,In-Office,20.0,4.0,2021
1256,Hybrid,0.0,5.0,2021
1257,In-Office,-30.0,3.0,2021
1258,Hybrid,0.0,5.0,2021
1259,Remote,50.0,4.0,2021
1260,Remote,0.0,3.0,2021
1261,In-Office,20.0,2.0,2021
1262,Remote,0.0,2.0,2021
1263,Remote,50.0,5.0,2021
1264,Hybrid,0.0,2.0,2021
1265,Remote,-20.0,4.0,2021
1266,Remote,40.0,2.0,2021
1267,In-Office,0.0,5.0,2021
1268,In-Office,20.0,3.0,2021
1269,Remote,30.0,4.0,2021
1270,Hybrid,30.0,4.0,2021
1271,Remote,0.0,4.0,2021
1272,Hybrid,20.0,5.0,2021
1273,In-Office,50.0,4.0,2021
1274,In-Office,-20.0,4.0,2021
1275,In-Office,0.0,5.0,2021
1276,In-Office,-40.0,2.0,2021
1277,Hybrid,50.0,5.0,2021
1278,Remote,20.0,4.0,2021
1279,In-Office,20.0,5.0,2021
1280,Hybrid,40.0,4.0,2021
1281,In-Office,0.0,2.0,2021
1282,Remote,0.0,2.0,2021
1283,Remote,50.0,4.0,2021
1284,In-Office,50.0,4.0,2021
1285,Hybrid,50.0,5.0,2021
1286,Remote,50.0,5.0,2021
1287,Remote,0.0,5.0,2021
1288,Hybrid,10.0,4.0,2021
1289,Hybrid,0.0,5.0,2021
1290,In-Office,50.0,5.0,2021
1291,In-Office,10.0,5.0,2021
1292,Remote,50.0,5.0,2021
1293,In-Office,0.0,3.0,2021
1294,Remote,0.0,4.0,2021
1295,Remote,50.0,4.0,2021
1296,Hybrid,-10.0,4.0,2021
1297,In-Office,-20.0,3.0,2021
1298,Hybrid,-40.0,4.0,2021
1299,Hybrid,30.0,5.0,2021
1300,In-Office,50.0,5.0,2021
1301,Remote,20.0,1.0,2021
1302,Remote,50.0,5.0,2021
1303,Hybrid,20.0,5.0,2021
1304,Hybrid,30.0,4.0,2021
1305,In-Office,-10.0,3.0,2021
1306,Remote,0.0,5.0,2021
1307,In-Office,0.0,2.0,2021
1308,Hybrid,10.0,5.0,2021
1309,In-Office,20.0,4.0,2021
1310,Remote,50.0,4.0,2021
1311,Remote,50.0,5.0,2021
1312,Remote,30.0,5.0,2021
1313,Remote,-20.0,5.0,2021
1314,In-Office,0.0,5.0,2021
1315,In-Office,0.0,4.0,2021
1316,Hybrid,0.0,3.0,2021
1317,Remote,20.0,5.0,2021
1318,Hybrid,0.0,5.0,2021
1319,Remote,20.0,5.0,2021
1320,Hybrid,30.0,4.0,2021
1321,Remote,0.0,5.0,2021
1322,Remote,20.0,5.0,2021
1323,In-Office,0.0,4.0,2021
1324,Hybrid,,1.0,2021
1325,Remote,20.0,4.0,2021
1326,Remote,20.0,5.0,2021
1327,Hybrid,10.0,5.0,2021
1328,In-Office,40.0,4.0,2021
1329,Remote,40.0,5.0,2021
1330,Remote,20.0,5.0,2021
1331,Hybrid,50.0,3.0,2021
1332,Hybrid,-30.0,2.0,2021
1333,Remote,10.0,4.0,2021
1334,Hybrid,20.0,4.0,2021
1335,Hybrid,0.0,5.0,2021
1336,In-Office,50.0,5.0,2021
1337,Hybrid,0.0,3.0,2021
1338,Remote,30.0,4.0,2021
1339,Hybrid,20.0,3.0,2021
1340,Hybrid,30.0,5.0,2021
1341,Remote,20.0,4.0,2021
1342,Remote,40.0,5.0,2021
1343,In-Office,30.0,4.0,2021
1344,Remote,50.0,3.0,2021
1345,Remote,30.0,4.0,2021
1346,Hybrid,0.0,5.0,2021
1347,In-Office,30.0,5.0,2021
1348,Hybrid,20.0,2.0,2021
1349,In-Office,50.0,4.0,2021
1350,Hybrid,10.0,3.0,2021
1351,Remote,0.0,2.0,2021
1352,Remote,0.0,4.0,2021
1353,Hybrid,50.0,5.0,2021
1354,Remote,20.0,5.0,2021
1355,Remote,,5.0,2021
1356,Remote,10.0,4.0,2021
1357,Remote,0.0,5.0,2021
1358,In-Office,0.0,3.0,2021
1359,In-Office,0.0,5.0,2021
1360,In-Office,-20.0,4.0,2021
1361,Remote,30.0,4.0,2021
1362,Hybrid,50.0,5.0,2021
1363,Remote,-30.0,4.0,2021
1364,In-Office,10.0,2.0,2021
1365,Remote,30.0,5.0,2021
1366,In-Office,30.0,2.0,2021
1367,In-Office,0.0,4.0,2021
1368,Hybrid,20.0,4.0,2021
1369,Remote,50.0,5.0,2021
1370,Hybrid,50.0,5.0,2021
1371,Remote,-10.0,5.0,2021
1372,Hybrid,30.0,4.0,2021
1373,Hybrid,30.0,4.0,2021
1374,Hybrid,-20.0,4.0,2021
1375,In-Office,20.0,3.0,2021
1376,Remote,20.0,4.0,2021
1377,Hybrid,0.0,4.0,2021
1378,Hybrid,30.0,3.0,2021
1379,Hybrid,0.0,2.0,2021
1380,Hybrid,50.0,4.0,2021
1381,Hybrid,,3.0,2021
1382,In-Office,20.0,3.0,2021
1383,Hybrid,-10.0,4.0,2021
1384,In-Office,50.0,5.0,2021
1385,Hybrid,50.0,4.0,2021
1386,Remote,40.0,5.0,2021
1387,Hybrid,10.0,3.0,2021
1388,Remote,20.0,4.0,2021
1389,Hybrid,50.0,3.0,2021
1390,Hybrid,0.0,4.0,2021
1391,Hybrid,50.0,4.0,2021
1392,Remote,30.0,2.0,2021
1393,Remote,0.0,5.0,2021
1394,Remote,-20.0,4.0,2021
1395,Remote,-10.0,5.0,2021
1396,Hybrid,50.0,4.0,2021
1397,Remote,20.0,5.0,2021
1398,Hybrid,0.0,4.0,2021
1399,In-Office,20.0,4.0,2021
1400,Remote,20.0,5.0,2021
1401,Hybrid,50.0,5.0,2021
1402,Remote,10.0,5.0,2021
1403,Hybrid,0.0,5.0,2021
1404,Hybrid,20.0,4.0,2021
1405,Remote,50.0,4.0,2021
1406,Hybrid,10.0,3.0,2021
1407,Remote,0.0,4.0,2021
1408,In-Office,20.0,4.0,2021
1409,Remote,50.0,5.0,2021
1410,Remote,30.0,5.0,2021
1411,In-Office,0.0,4.0,2021
1412,In-Office,0.0,5.0,2021
1413,In-Office,-20.0,4.0,2021
1414,Hybrid,-10.0,4.0,2021
1415,Remote,0.0,4.0,2021
1416,Remote,30.0,3.0,2021
1417,Hybrid,30.0,4.0,2021
1418,In-Office,20.0,5.0,2021
1419,Remote,30.0,5.0,2021
1420,In-Office,30.0,4.0,2021
1421,Hybrid,50.0,4.0,2021
1422,Hybrid,30.0,2.0,2021
1423,Hybrid,-10.0,4.0,2021
1424,Remote,-10.0,4.0,2021
1425,In-Office,-20.0,2.0,2021
1426,Remote,50.0,5.0,2021
1427,In-Office,30.0,2.0,2021
1428,Remote,50.0,4.0,2021
1429,Remote,50.0,5.0,2021
1430,In-Office,20.0,5.0,2021
1431,In-Office,40.0,5.0,2021
1432,Hybrid,30.0,3.0,2021
1433,Hybrid,50.0,3.0,2021
1434,Hybrid,30.0,5.0,2021
1435,In-Office,0.0,4.0,2021
1436,Remote,50.0,3.0,2021
1437,Remote,30.0,4.0,2021
1438,Hybrid,20.0,1.0,2021
1439,Remote,0.0,4.0,2021
1440,Remote,0.0,4.0,2021
1441,In-Office,-20.0,1.0,2021
1442,Hybrid,50.0,3.0,2021
1443,Remote,-20.0,4.0,2021
1444,In-Office,-20.0,4.0,2021
1445,In-Office,30.0,4.0,2021
1446,Hybrid,30.0,4.0,2021
1447,In-Office,10.0,4.0,2021
1448,Remote,-10.0,4.0,2021
1449,Remote,-20.0,3.0,2021
1450,Hybrid,50.0,4.0,2021
1451,Remote,0.0,5.0,2021
1452,In-Office,50.0,3.0,2021
1453,Hybrid,0.0,5.0,2021
1454,Remote,50.0,4.0,2021
1455,Remote,50.0,5.0,2021
1456,Remote,50.0,5.0,2021
1457,Remote,50.0,5.0,2021
1458,Hybrid,50.0,4.0,2021
1459,Remote,50.0,5.0,2021
1460,Hybrid,0.0,5.0,2021
1461,Hybrid,10.0,5.0,2021
1462,Hybrid,50.0,5.0,2021
1463,In-Office,40.0,5.0,2021
1464,In-Office,40.0,4.0,2021
1465,Remote,0.0,4.0,2021
1466,Hybrid,-20.0,4.0,2021
1467,Remote,0.0,4.0,2021
1468,Remote,50.0,5.0,2021
1469,In-Office,-10.0,4.0,2021
1470,In-Office,50.0,5.0,2021
1471,In-Office,-20.0,2.0,2021
1472,In-Office,-30.0,4.0,2021
1473,Remote,-10.0,5.0,2021
1474,Hybrid,-10.0,5.0,2021
1475,In-Office,30.0,4.0,2021
1476,Remote,10.0,5.0,2021
1477,Remote,0.0,5.0,2021
1478,In-Office,40.0,4.0,2021
1479,In-Office,10.0,3.0,2021
1480,In-Office,-10.0,1.0,2021
1481,Hybrid,-10.0,5.0,2021
1482,Hybrid,10.0,2.0,2021
1483,Hybrid,10.0,4.0,2021
1484,In-Office,40.0,4.0,2021
1485,In-Office,30.0,4.0,2021
1486,Remote,50.0,5.0,2021
1487,Remote,40.0,5.0,2021
1488,In-Office,-20.0,5.0,2021
1489,Remote,20.0,4.0,2021
1490,Hybrid,0.0,3.0,2021
1491,Hybrid,0.0,1.0,2021
1492,Remote,30.0,4.0,2021
1493,Hybrid,30.0,5.0,2021
1494,In-Office,0.0,4.0,2021
1495,Remote,40.0,5.0,2021
1496,In-Office,10.0,4.0,2021
1497,Hybrid,20.0,4.0,2021
1498,Remote,30.0,5.0,2021
1499,Hybrid,40.0,5.0,2021
1500,Hybrid,50.0,4.0,2021
1501,In-Office,0.0,4.0,2021
1502,In-Office,0.0,5.0,2021
1503,Remote,-20.0,5.0,2021
1504,Hybrid,40.0,3.0,2021
1505,Hybrid,40.0,3.0,2021
1506,In-Office,20.0,3.0,2021
1507,In-Office,50.0,4.0,2021
1508,Hybrid,30.0,4.0,2021
1509,In-Office,0.0,3.0,2021
1510,In-Office,0.0,5.0,2021
1511,In-Office,0.0,4.0,2021
1512,In-Office,20.0,3.0,2021
